===== ANALYST nemotron3 2026-09-03 15:57:16 UTC =====
[0m
> build · nemotron-3-ultra-free
[0m
[0m$ [0mls -la /home/runner/work/n26-hunt/n26-hunt/
total 96
drwxr-xr-x 11 runner runner 4096 Sep  3 15:37 .
drwxr-xr-x  3 runner runner 4096 Sep  3 15:36 ..
drwxr-xr-x  7 runner runner 4096 Sep  3 15:37 .git
drwxr-xr-x  3 runner runner 4096 Sep  3 15:36 .github
-rw-r--r--  1 runner runner 1844 Sep  3 15:36 README.md
-rw-r--r--  1 runner runner   43 Sep  3 15:37 analyst-out.txt
-rw-r--r--  1 runner runner 5076 Sep  3 15:37 analyst-prompt.txt
-rw-r--r--  1 runner runner 1206 Sep  3 15:37 ctx.txt
drwxr-xr-x  2 runner runner 4096 Sep  3 15:36 inventory
drwxr-xr-x  2 runner runner 4096 Sep  3 15:36 knowledge
drwxr-xr-x  2 runner runner 4096 Sep  3 15:36 leads
-rw-r--r--  1 runner runner  145 Sep  3 15:36 probe-results.md
drwxr-xr-x  2 runner runner 4096 Sep  3 15:36 recon-notes
drwxr-xr-x  2 runner runner 4096 Sep  3 15:36 reports
-rw-r--r--  1 runner runner 3283 Sep  3 15:36 scope.yml
drwxr-xr-x  2 runner runner 4096 Sep  3 15:36 scripts
-rw-r--r--  1 runner runner   32 Sep  3 15:36 state_bigpickle.json
-rw-r--r--  1 runner runner   32 Sep  3 15:36 state_laguna.json
-rw-r--r--  1 runner runner   32 Sep  3 15:36 state_ling3.json
-rw-r--r--  1 runner runner   32 Sep  3 15:36 state_longcat.json
-rw-r--r--  1 runner runner   33 Sep  3 15:36 state_mimo.json
-rw-r--r--  1 runner runner   32 Sep  3 15:36 state_nemotron3.json
drwxr-xr-x  2 runner runner 4096 Sep  3 15:36 triage
[0m
[0m→ [0mRead inventory/n26.md
[0m→ [0mRead scope.yml
[0m✱ [0mGlob "**/*"[90m in knowledge · 1 match[0m
[0m✱ [0mGlob "**/*"[90m in leads · 1 match[0m
[0m✱ [0mGlob "**/*"[90m in recon-notes · 1 match[0m
[0m→ [0mRead knowledge/index.md
[0m→ [0mRead leads/lead-mimo.md
[0m→ [0mRead recon-notes/DEDICATED-DEEP.md
[0m→ [0mRead probe-results.md
[0m
[0m$ [0mcurl -sI --max-time 10 https://api.n26.com 2>&1 | head -20
(no output)
[0m
[0m$ [0mcurl -sI --max-time 10 https://app.n26.com 2>&1 | head -20
HTTP/2 302 
date: Thu, 03 Sep 2026 15:46:05 GMT
content-type: text/plain; charset=utf-8
content-length: 28
x-powered-by: Express
referrer-policy: strict-origin-when-cross-origin
cache-control: no-store
set-cookie: n26.csrf=s%3ANdj3pQePCXXLOGeZ7i_wy4PK.2ElNn4YiX3TUxJ5Gp16YyRastbm8iKB2gwIRYlQoh3E; Path=/; HttpOnly; Secure; SameSite=Strict
set-cookie: num26UniqueDeviceToken=b72c5b8d-6bce-45f9-8992-5d740b3a3bbf; Domain=.n26.com; Path=/; Expires=Wed, 03 Mar 2027 15:46:05 GMT; Secure; SameSite=Lax
set-cookie: n26.graphql_form_payload=s%3A.YD%2B8nMu6vmWiiynmJPDg2yCwom9sJHaHUx8PNdL3ehc; Path=/; Expires=Thu, 01 Jan 1970 00:00:00 GMT; HttpOnly; Secure; SameSite=Strict
x-ratelimit-limit: 60
x-ratelimit-remaining: 59
x-ratelimit-reset: 1788450426
content-security-policy: report-uri /report-csp;report-to /report-csp;base-uri 'self';child-src number26://* *.n26.com n26.com *.doubleclick.net api.sumsub.com *.youtube-nocookie.com youtube-nocookie.com *.lpsnmedia.net *.liveperson.net js.stripe.com https://widgets.marqeta.com;connect-src 'self' https://spc.n26.com https://flags.n26.com wss://authentication-service.eks.core-production.keyless.technology featureassets.org prodregistryv2.org wss://lo.msg.liveperson.net wss://*.liveperson.net *.liveperson.net *.lpsnmedia.net blob: s3.eu-central-1.amazonaws.com cdn.number26.de;font-src 'self' data:;img-src https://spc.n26.com https://flags.n26.com 'self' data: images.ctfassets.net images.contentful.com *.lpsnmedia.net *.liveperson.net *.objectstorage.liveperson.net *.stripe.com message-templates-assets.tech26.de cdn.number26.de;media-src videos.contentful.com videos.ctfassets.net *.lpsnmedia.net 'self' blob:;object-src 'none';style-src 'unsafe-inline' 'self' *.lpsnmedia.net *.liveperson.net;script-src 'self' cdn.number26.de 'unsafe-inline' *.youtube-nocookie.com s.ytimg.com youtube-nocookie.com youtube.com *.lpsnmedia.net *.liveperson.net 'nonce-6eb0e3fc9cd0a6d818412f59a5d19430' 'strict-dynamic' js.stripe.com/v3 connect-js.stripe.com js.stripe.com;worker-src 'self';default-src * *.lpsnmedia.net;frame-ancestors 'self' *.n26.com;frame-src *.lpsnmedia.net *.liveperson.net connect-js.stripe.com js.stripe.com
feature-policy: accelerometer 'none';autoplay 'none';camera 'self';fullscreen 'none';geolocation 'self';gyroscope 'none';magnetometer 'none';microphone 'none';midi 'none';notifications 'self';payment 'self';push 'self';speaker 'none';sync-xhr 'none';usb 'none';vibrate 'none';vr 'none'
location: /login
vary: Accept, Accept-Encoding
server: envoy
strict-transport-security: max-age=31536000; includeSubDomains; preload
x-content-type-options: nosniff
[0m
[0m$ [0mcurl -sI --max-time 10 https://my.n26.com 2>&1 | head -20
HTTP/2 301 
date: Thu, 03 Sep 2026 15:46:05 GMT
location: https://app.n26.com/
server: envoy
x-envoy-upstream-service-time: 0
[0m
[0m$ [0mcurl -sI --max-time 10 https://www.n26.com 2>&1 | head -20
HTTP/2 301 
content-length: 0
location: https://n26.com/
date: Thu, 03 Sep 2026 01:01:28 GMT
x-envoy-upstream-service-time: 0
server: envoy
x-cache: Hit from cloudfront
via: 1.1 663f2425a3138c20ed99538fc8652f3c.cloudfront.net (CloudFront)
x-amz-cf-pop: IAD12-P2
x-amz-cf-id: kBUDr_LMprIXXjMeZqQAT806UgS3W33XIrVJ_tBsLGtuMby6CH7tww==
age: 53125
[0m
[0m$ [0mcurl -sI --max-time 10 https://support.n26.com 2>&1 | head -20
HTTP/2 404 
date: Thu, 03 Sep 2026 15:46:54 GMT
content-type: text/html
content-length: 43717
x-powered-by: Express
referrer-policy: strict-origin-when-cross-origin
cache-control: no-store
set-cookie: n26.csrf=s%3ASOurJAejBkHTIIEmxENd3WD0.rctV44w2uf4yBoC07%2BO%2FGPuaoSK81ZER6Q2IWme13To; Path=/; HttpOnly; Secure; SameSite=Strict
set-cookie: num26UniqueDeviceToken=de642b69-81c8-4cb6-b3c6-15ec337ac452; Domain=.n26.com; Path=/; Expires=Wed, 03 Mar 2027 15:46:54 GMT; Secure; SameSite=Lax
x-ratelimit-limit: 60
x-ratelimit-remaining: 59
x-ratelimit-reset: 1788450475
content-security-policy: report-uri /report-csp;report-to /report-csp;base-uri 'self';child-src number26://* *.n26.com n26.com *.doubleclick.net api.sumsub.com pixel.mathtag.com n26.go2cloud.org tr.snapchat.com *.youtube-nocookie.com youtube-nocookie.com *.force.com *.salesforce.com *.lpsnmedia.net *.liveperson.net;connect-src 'self' https://spc.n26.com https://flags.n26.com wss://authentication-service.eks.core-production.keyless.technology * fonts.googleapis.com blob: *.force.com *.salesforceliveagent.com wss://lo.msg.liveperson.net wss://*.liveperson.net *.liveperson.net *.lpsnmedia.net;font-src 'self' data:;img-src https://spc.n26.com https://flags.n26.com 'self' data: images.ctfassets.net images.contentful.com * *.force.com *.salesforce.com *.lpsnmedia.net *.liveperson.net *.objectstorage.liveperson.net;media-src videos.contentful.com videos.ctfassets.net 'self' blob: *.lpsnmedia.net;object-src 'none';style-src 'unsafe-inline' 'self' fonts.googleapis.com tagmanager.google.com *.force.com *.salesforce.com blob: *.lpsnmedia.net *.liveperson.net;script-src 'self' cdn.number26.de 'unsafe-inline' * connect.facebook.net *.youtube-nocookie.com s.ytimg.com youtube-nocookie.com youtube.com *.force.com *.salesforce.com *.salesforceliveagent.com 'unsafe-eval' cdn.cookielaw.org *.lpsnmedia.net *.liveperson.net 'nonce-378c9c57fbffc811f2ac002e5a6543b7' 'strict-dynamic';worker-src 'self';default-src * *.lpsnmedia.net;frame-ancestors 'self' *.n26.com *.dev-n26.com *.staging-n26.com app.contentful.com;frame-src *.lpsnmedia.net *.liveperson.net
feature-policy: accelerometer 'none';autoplay 'none';camera 'none';fullscreen 'none';geolocation 'none';gyroscope 'none';magnetometer 'none';microphone 'none';midi 'none';notifications 'none';payment 'none';push 'none';speaker 'none';sync-xhr 'none';usb 'none';vibrate 'none';vr 'none'
etag: W/"9-0gXL1ngzMqISxa6S1zx3F4wtLyg"
vary: Accept-Encoding
server: envoy
strict-transport-security: max-age=31536000; includeSubDomains; preload
x-content-type-options: nosniff
x-xss-protection: 1; mode=block
[0m
[0m$ [0mcurl -sI --max-time 10 https://n26.com 2>&1 | head -20
HTTP/2 302 
date: Thu, 03 Sep 2026 15:46:56 GMT
x-envoy-upstream-service-time: 55
content-security-policy: report-uri /report-csp;report-to /report-csp;base-uri 'self';child-src number26://* *.n26.com n26.com *.doubleclick.net pixel.mathtag.com n26.go2cloud.org www.googletagmanager.com *.youtube-nocookie.com youtube-nocookie.com;connect-src 'self' https://spc.n26.com * https://*.logs.datadoghq.eu;font-src 'self' data:;img-src https://spc.n26.com 'self' data: images.ctfassets.net images.contentful.com * *.greenhouse.io;media-src videos.contentful.com videos.ctfassets.net n26.bynder.com;object-src 'none';style-src 'unsafe-inline' 'self' tagmanager.google.com;script-src 'self' cdn.number26.de 'unsafe-inline' * connect.facebook.net *.youtube-nocookie.com s.ytimg.com youtube-nocookie.com youtube.com boards.greenhouse.io datadoghq.eu datadoghq-browser-agent.com blob: cookie.n26.com app.usercentrics.eu app.eu.usercentrics.eu;worker-src 'self' blob:;default-src *;frame-ancestors app.contentful.com 'self' *.n26.com;frame-src *.n26.com www.googletagmanager.com *.doubleclick.net www.youtube-nocookie.com boards.greenhouse.io job-boards.greenhouse.io
permissions-policy: accelerometer=(), autoplay=(self), camera=(), fullscreen=(self), geolocation=(), gyroscope=(), magnetometer=(), microphone=(), midi=(), payment=(), usb=()
cache-control: no-store
location: /en-eu
server: envoy
strict-transport-security: max-age=31536000; includeSubDomains; preload
x-content-type-options: nosniff
x-xss-protection: 1; mode=block
x-cache: Miss from cloudfront
via: 1.1 5d4199dbed922d7847172f5631f32dbc.cloudfront.net (CloudFront)
x-amz-cf-pop: IAD12-P2
x-amz-cf-id: 5Bqw9PZTSMS5wUEYfZ3Ga6VdBDSWSd1Oe9eJ9gCUGDLM34pba-05Iw==
[0m
[0m$ [0mcurl -sI --max-time 10 https://api.n26.com 2>&1 | head -20
(no output)
[0m
[0m$ [0mcurl -sI --max-time 10 https://app.n26.com/api 2>&1 | head -20
HTTP/2 404 
date: Thu, 03 Sep 2026 15:47:44 GMT
content-type: text/html
content-length: 43717
x-powered-by: Express
referrer-policy: strict-origin-when-cross-origin
cache-control: no-store
set-cookie: n26.csrf=s%3AJwL4HndtLiVERBw6iyO0cnKh.PfChWaty141xVzZ%2B5sHcsEJIfhBE9cTPhRTHWz4qLHY; Path=/; HttpOnly; Secure; SameSite=Strict
set-cookie: num26UniqueDeviceToken=a9e55ce8-018b-49a9-aea4-9f09903f6347; Domain=.n26.com; Path=/; Expires=Wed, 03 Mar 2027 15:47:44 GMT; Secure; SameSite=Lax
set-cookie: n26.graphql_form_payload=s%3A.YD%2B8nMu6vmWiiynmJPDg2yCwom9sJHaHUx8PNdL3ehc; Path=/; Expires=Thu, 01 Jan 1970 00:00:00 GMT; HttpOnly; Secure; SameSite=Strict
x-ratelimit-limit: 60
x-ratelimit-remaining: 59
x-ratelimit-reset: 1788450525
content-security-policy: report-uri /report-csp;report-to /report-csp;base-uri 'self';child-src number26://* *.n26.com n26.com *.doubleclick.net api.sumsub.com *.youtube-nocookie.com youtube-nocookie.com *.lpsnmedia.net *.liveperson.net js.stripe.com https://widgets.marqeta.com;connect-src 'self' https://spc.n26.com https://flags.n26.com wss://authentication-service.eks.core-production.keyless.technology featureassets.org prodregistryv2.org wss://lo.msg.liveperson.net wss://*.liveperson.net *.liveperson.net *.lpsnmedia.net blob: s3.eu-central-1.amazonaws.com cdn.number26.de;font-src 'self' data:;img-src https://spc.n26.com https://flags.n26.com 'self' data: images.ctfassets.net images.contentful.com *.lpsnmedia.net *.liveperson.net *.objectstorage.liveperson.net *.stripe.com message-templates-assets.tech26.de cdn.number26.de;media-src videos.contentful.com videos.ctfassets.net *.lpsnmedia.net 'self' blob:;object-src 'none';style-src 'unsafe-inline' 'self' *.lpsnmedia.net *.liveperson.net;script-src 'self' cdn.number26.de 'unsafe-inline' *.youtube-nocookie.com s.ytimg.com youtube-nocookie.com youtube.com *.lpsnmedia.net *.liveperson.net 'nonce-82ebc0bc1ed8a6ac3198ddf3bc1cdcff' 'strict-dynamic' js.stripe.com/v3 connect-js.stripe.com js.stripe.com;worker-src 'self';default-src * *.lpsnmedia.net;frame-ancestors 'self' *.n26.com;frame-src *.lpsnmedia.net *.liveperson.net connect-js.stripe.com js.stripe.com
feature-policy: accelerometer 'none';autoplay 'none';camera 'self';fullscreen 'none';geolocation 'self';gyroscope 'none';magnetometer 'none';microphone 'none';midi 'none';notifications 'self';payment 'self';push 'self';speaker 'none';sync-xhr 'none';usb 'none';vibrate 'none';vr 'none'
etag: W/"9-0gXL1ngzMqISxa6S1zx3F4wtLyg"
vary: Accept-Encoding
server: envoy
strict-transport-security: max-age=31536000; includeSubDomains; preload
x-content-type-options: nosniff
[0m
[0m$ [0mcurl -sI --max-time 10 https://app.n26.com/graphql 2>&1 | head -20
(no output)
[0m
[0m$ [0mcurl -sI --max-time 10 -H "Content-Type: application/json" -X POST https://app.n26.com/graphql -d '{"query":"{__schema{types{name}}}"}' 2>&1 | head -30
(no output)
[0m
[0m$ [0mcurl -sI --max-time 10 https://api.n26.com/v1 2>&1 | head -20
(no output)
[0m
[0m$ [0mcurl -sI --max-time 10 https://app.n26.com/v1 2>&1 | head -20
HTTP/2 404 
date: Thu, 03 Sep 2026 15:49:54 GMT
content-type: text/html
content-length: 43717
x-powered-by: Express
referrer-policy: strict-origin-when-cross-origin
cache-control: no-store
set-cookie: n26.csrf=s%3APa9GE4D3tRbp1X9WmoEZP4Gz.XbyKGD6x%2FxHeMozr1iVbkkm4AwyQ3UjbxbMYRrkOl6A; Path=/; HttpOnly; Secure; SameSite=Strict
set-cookie: num26UniqueDeviceToken=4f71d812-24c6-4cd1-a4a1-c0692eecb107; Domain=.n26.com; Path=/; Expires=Wed, 03 Mar 2027 15:49:54 GMT; Secure; SameSite=Lax
set-cookie: n26.graphql_form_payload=s%3A.YD%2B8nMu6vmWiiynmJPDg2yCwom9sJHaHUx8PNdL3ehc; Path=/; Expires=Thu, 01 Jan 1970 00:00:00 GMT; HttpOnly; Secure; SameSite=Strict
x-ratelimit-limit: 60
x-ratelimit-remaining: 59
x-ratelimit-reset: 1788450655
content-security-policy: report-uri /report-csp;report-to /report-csp;base-uri 'self';child-src number26://* *.n26.com n26.com *.doubleclick.net api.sumsub.com *.youtube-nocookie.com youtube-nocookie.com *.lpsnmedia.net *.liveperson.net js.stripe.com https://widgets.marqeta.com;connect-src 'self' https://spc.n26.com https://flags.n26.com wss://authentication-service.eks.core-production.keyless.technology featureassets.org prodregistryv2.org wss://lo.msg.liveperson.net wss://*.liveperson.net *.liveperson.net *.lpsnmedia.net blob: s3.eu-central-1.amazonaws.com cdn.number26.de;font-src 'self' data:;img-src https://spc.n26.com https://flags.n26.com 'self' data: images.ctfassets.net images.contentful.com *.lpsnmedia.net *.liveperson.net *.objectstorage.liveperson.net *.stripe.com message-templates-assets.tech26.de cdn.number26.de;media-src videos.contentful.com videos.ctfassets.net *.lpsnmedia.net 'self' blob:;object-src 'none';style-src 'unsafe-inline' 'self' *.lpsnmedia.net *.liveperson.net;script-src 'self' cdn.number26.de 'unsafe-inline' *.youtube-nocookie.com s.ytimg.com youtube-nocookie.com youtube.com *.lpsnmedia.net *.liveperson.net 'nonce-d3ee490bba756afc608f719b1d6aaaf6' 'strict-dynamic' js.stripe.com/v3 connect-js.stripe.com js.stripe.com;worker-src 'self';default-src * *.lpsnmedia.net;frame-ancestors 'self' *.n26.com;frame-src *.lpsnmedia.net *.liveperson.net connect-js.stripe.com js.stripe.com
feature-policy: accelerometer 'none';autoplay 'none';camera 'self';fullscreen 'none';geolocation 'self';gyroscope 'none';magnetometer 'none';microphone 'none';midi 'none';notifications 'self';payment 'self';push 'self';speaker 'none';sync-xhr 'none';usb 'none';vibrate 'none';vr 'none'
etag: W/"9-0gXL1ngzMqISxa6S1zx3F4wtLyg"
vary: Accept-Encoding
server: envoy
strict-transport-security: max-age=31536000; includeSubDomains; preload
x-content-type-options: nosniff
[0m
[0m$ [0mcurl -sI --max-time 10 https://app.n26.com/swagger.json 2>&1 | head -20
HTTP/2 404 
date: Thu, 03 Sep 2026 15:50:38 GMT
content-type: text/html
content-length: 43717
x-powered-by: Express
referrer-policy: strict-origin-when-cross-origin
cache-control: no-store
set-cookie: n26.csrf=s%3A4YWyzjT1wckvO7QUe3YaOsUd.PKatpdWflUFP%2BSM3jUf4KEP9lO6xdMI3nmUGkM4J6U8; Path=/; HttpOnly; Secure; SameSite=Strict
set-cookie: num26UniqueDeviceToken=91e26000-38eb-48ce-8064-c8536f56b353; Domain=.n26.com; Path=/; Expires=Wed, 03 Mar 2027 15:50:38 GMT; Secure; SameSite=Lax
set-cookie: n26.graphql_form_payload=s%3A.YD%2B8nMu6vmWiiynmJPDg2yCwom9sJHaHUx8PNdL3ehc; Path=/; Expires=Thu, 01 Jan 1970 00:00:00 GMT; HttpOnly; Secure; SameSite=Strict
x-ratelimit-limit: 60
x-ratelimit-remaining: 58
x-ratelimit-reset: 1788450655
content-security-policy: report-uri /report-csp;report-to /report-csp;base-uri 'self';child-src number26://* *.n26.com n26.com *.doubleclick.net api.sumsub.com *.youtube-nocookie.com youtube-nocookie.com *.lpsnmedia.net *.liveperson.net js.stripe.com https://widgets.marqeta.com;connect-src 'self' https://spc.n26.com https://flags.n26.com wss://authentication-service.eks.core-production.keyless.technology featureassets.org prodregistryv2.org wss://lo.msg.liveperson.net wss://*.liveperson.net *.liveperson.net *.lpsnmedia.net blob: s3.eu-central-1.amazonaws.com cdn.number26.de;font-src 'self' data:;img-src https://spc.n26.com https://flags.n26.com 'self' data: images.ctfassets.net images.contentful.com *.lpsnmedia.net *.liveperson.net *.objectstorage.liveperson.net *.stripe.com message-templates-assets.tech26.de cdn.number26.de;media-src videos.contentful.com videos.ctfassets.net *.lpsnmedia.net 'self' blob:;object-src 'none';style-src 'unsafe-inline' 'self' *.lpsnmedia.net *.liveperson.net;script-src 'self' cdn.number26.de 'unsafe-inline' *.youtube-nocookie.com s.ytimg.com youtube-nocookie.com youtube.com *.lpsnmedia.net *.liveperson.net 'nonce-83fc6e0f132fc46a5ec73d551b9fd241' 'strict-dynamic' js.stripe.com/v3 connect-js.stripe.com js.stripe.com;worker-src 'self';default-src * *.lpsnmedia.net;frame-ancestors 'self' *.n26.com;frame-src *.lpsnmedia.net *.liveperson.net connect-js.stripe.com js.stripe.com
feature-policy: accelerometer 'none';autoplay 'none';camera 'self';fullscreen 'none';geolocation 'self';gyroscope 'none';magnetometer 'none';microphone 'none';midi 'none';notifications 'self';payment 'self';push 'self';speaker 'none';sync-xhr 'none';usb 'none';vibrate 'none';vr 'none'
etag: W/"9-0gXL1ngzMqISxa6S1zx3F4wtLyg"
vary: Accept-Encoding
server: envoy
strict-transport-security: max-age=31536000; includeSubDomains; preload
x-content-type-options: nosniff
[0m
[0m$ [0mcurl -sI --max-time 10 https://app.n26.com/openapi.json 2>&1 | head -20
HTTP/2 404 
date: Thu, 03 Sep 2026 15:50:38 GMT
content-type: text/html
content-length: 43717
x-powered-by: Express
referrer-policy: strict-origin-when-cross-origin
cache-control: no-store
set-cookie: n26.csrf=s%3AwsYx461t8QDh1AFV5HDTN_42.DuZ4MR4QB4b5r32ZdggoRwjdOJigXMJH0%2Fde%2BP0q%2BNY; Path=/; HttpOnly; Secure; SameSite=Strict
set-cookie: num26UniqueDeviceToken=89a7c3ab-7991-4092-adf2-1bd619921f6c; Domain=.n26.com; Path=/; Expires=Wed, 03 Mar 2027 15:50:38 GMT; Secure; SameSite=Lax
set-cookie: n26.graphql_form_payload=s%3A.YD%2B8nMu6vmWiiynmJPDg2yCwom9sJHaHUx8PNdL3ehc; Path=/; Expires=Thu, 01 Jan 1970 00:00:00 GMT; HttpOnly; Secure; SameSite=Strict
x-ratelimit-limit: 60
x-ratelimit-remaining: 57
x-ratelimit-reset: 1788450655
content-security-policy: report-uri /report-csp;report-to /report-csp;base-uri 'self';child-src number26://* *.n26.com n26.com *.doubleclick.net api.sumsub.com *.youtube-nocookie.com youtube-nocookie.com *.lpsnmedia.net *.liveperson.net js.stripe.com https://widgets.marqeta.com;connect-src 'self' https://spc.n26.com https://flags.n26.com wss://authentication-service.eks.core-production.keyless.technology featureassets.org prodregistryv2.org wss://lo.msg.liveperson.net wss://*.liveperson.net *.liveperson.net *.lpsnmedia.net blob: s3.eu-central-1.amazonaws.com cdn.number26.de;font-src 'self' data:;img-src https://spc.n26.com https://flags.n26.com 'self' data: images.ctfassets.net images.contentful.com *.lpsnmedia.net *.liveperson.net *.objectstorage.liveperson.net *.stripe.com message-templates-assets.tech26.de cdn.number26.de;media-src videos.contentful.com videos.ctfassets.net *.lpsnmedia.net 'self' blob:;object-src 'none';style-src 'unsafe-inline' 'self' *.lpsnmedia.net *.liveperson.net;script-src 'self' cdn.number26.de 'unsafe-inline' *.youtube-nocookie.com s.ytimg.com youtube-nocookie.com youtube.com *.lpsnmedia.net *.liveperson.net 'nonce-b6582cb94a96c05ea18e253b3fa0cb4d' 'strict-dynamic' js.stripe.com/v3 connect-js.stripe.com js.stripe.com;worker-src 'self';default-src * *.lpsnmedia.net;frame-ancestors 'self' *.n26.com;frame-src *.lpsnmedia.net *.liveperson.net connect-js.stripe.com js.stripe.com
feature-policy: accelerometer 'none';autoplay 'none';camera 'self';fullscreen 'none';geolocation 'self';gyroscope 'none';magnetometer 'none';microphone 'none';midi 'none';notifications 'self';payment 'self';push 'self';speaker 'none';sync-xhr 'none';usb 'none';vibrate 'none';vr 'none'
etag: W/"9-0gXL1ngzMqISxa6S1zx3F4wtLyg"
vary: Accept-Encoding
server: envoy
strict-transport-security: max-age=31536000; includeSubDomains; preload
x-content-type-options: nosniff
[0m
[0m$ [0mcurl -sI --max-time 10 https://app.n26.com/api/v1 2>&1 | head -20
HTTP/2 404 
date: Thu, 03 Sep 2026 15:50:39 GMT
content-type: text/html
content-length: 43717
x-powered-by: Express
referrer-policy: strict-origin-when-cross-origin
cache-control: no-store
set-cookie: n26.csrf=s%3AYBEXSWCW3mRgxGMeKkgxLQ9w.dTFW%2FJZh%2BHXCfwDGA%2Bl6kG6aU4iKZUlGM3OcSBvPkNI; Path=/; HttpOnly; Secure; SameSite=Strict
set-cookie: num26UniqueDeviceToken=df340576-4a6c-43ca-b6c3-16977d9773f4; Domain=.n26.com; Path=/; Expires=Wed, 03 Mar 2027 15:50:39 GMT; Secure; SameSite=Lax
set-cookie: n26.graphql_form_payload=s%3A.YD%2B8nMu6vmWiiynmJPDg2yCwom9sJHaHUx8PNdL3ehc; Path=/; Expires=Thu, 01 Jan 1970 00:00:00 GMT; HttpOnly; Secure; SameSite=Strict
x-ratelimit-limit: 60
x-ratelimit-remaining: 56
x-ratelimit-reset: 1788450655
content-security-policy: report-uri /report-csp;report-to /report-csp;base-uri 'self';child-src number26://* *.n26.com n26.com *.doubleclick.net api.sumsub.com *.youtube-nocookie.com youtube-nocookie.com *.lpsnmedia.net *.liveperson.net js.stripe.com https://widgets.marqeta.com;connect-src 'self' https://spc.n26.com https://flags.n26.com wss://authentication-service.eks.core-production.keyless.technology featureassets.org prodregistryv2.org wss://lo.msg.liveperson.net wss://*.liveperson.net *.liveperson.net *.lpsnmedia.net blob: s3.eu-central-1.amazonaws.com cdn.number26.de;font-src 'self' data:;img-src https://spc.n26.com https://flags.n26.com 'self' data: images.ctfassets.net images.contentful.com *.lpsnmedia.net *.liveperson.net *.objectstorage.liveperson.net *.stripe.com message-templates-assets.tech26.de cdn.number26.de;media-src videos.contentful.com videos.ctfassets.net *.lpsnmedia.net 'self' blob:;object-src 'none';style-src 'unsafe-inline' 'self' *.lpsnmedia.net *.liveperson.net;script-src 'self' cdn.number26.de 'unsafe-inline' *.youtube-nocookie.com s.ytimg.com youtube-nocookie.com youtube.com *.lpsnmedia.net *.liveperson.net 'nonce-f465e26dc12ed3a8441199003b35dc9d' 'strict-dynamic' js.stripe.com/v3 connect-js.stripe.com js.stripe.com;worker-src 'self';default-src * *.lpsnmedia.net;frame-ancestors 'self' *.n26.com;frame-src *.lpsnmedia.net *.liveperson.net connect-js.stripe.com js.stripe.com
feature-policy: accelerometer 'none';autoplay 'none';camera 'self';fullscreen 'none';geolocation 'self';gyroscope 'none';magnetometer 'none';microphone 'none';midi 'none';notifications 'self';payment 'self';push 'self';speaker 'none';sync-xhr 'none';usb 'none';vibrate 'none';vr 'none'
etag: W/"9-0gXL1ngzMqISxa6S1zx3F4wtLyg"
vary: Accept-Encoding
server: envoy
strict-transport-security: max-age=31536000; includeSubDomains; preload
x-content-type-options: nosniff
[0m
[0m$ [0mcurl -s --max-time 10 https://app.n26.com/ 2>&1 | head -100
Found. Redirecting to /login
[0m
[0m$ [0mcurl -s --max-time 10 https://app.n26.com/login 2>&1 | head -200
<!doctype html>
<html lang="en" data-theme="light">
  <head>
    <meta charset="utf-8" />
    <meta http-equiv="X-UA-Compatible" content="IE=edge" />
    <meta name="viewport" content="width=device-width, initial-scale=1, viewport-fit=cover" />
    <meta name="csrf-token" content="cK9JxpQ7-wSOl89C0FIg_gbQC6OeGM-0b40o" />

    <title data-rh="true">Login</title>
    <meta data-rh="true" name="description" content="Login"/><meta data-rh="true" name="robots" content/><meta data-rh="true" name="theme-color" content="rgb(255, 255, 255)"/><meta data-rh="true" property="og:type" content="website"/><meta data-rh="true" property="og:title" content="Login"/><meta data-rh="true" property="og:description" content="Login"/><meta data-rh="true" property="og:image" content="https://app.n26.com/build/media/og-image-n26.e512c848b13455529700699c1b662537.jpg"/><meta data-rh="true" property="og:url" content="https://app.n26.com/login"/><meta data-rh="true" name="twitter:card" content="summary_large_image"/><meta data-rh="true" name="twitter:site" content="@n26"/><meta data-rh="true" name="twitter:title" content="Login"/><meta data-rh="true" name="twitter:description" content="Login"/><meta data-rh="true" name="twitter:image" content="https://app.n26.com/build/media/og-image-n26.e512c848b13455529700699c1b662537.jpg"/><meta data-rh="true" name="apple-itunes-app" content="app-id=956857223"/>
    <link data-rh="true" rel="canonical" href="https://app.n26.com/login"/>

    
<script nonce="d001ae021a0df351ba2b54678676b377">
  var h = window.location.hash

  if (h.slice(0, 6) === '#/p2p/')
    window.location.href = '/moneybeam/' + h.slice(6)
  if (h.slice(0, 9) === '#/support')
    window.location.href = 'https://support.n26.com'
</script>

    
    

    <link rel="preload" nonce=d001ae021a0df351ba2b54678676b377 href="/build/fonts/GT-America-Standard-Regular.latin.woff2" as="font" type="font/woff2" crossorigin="anonymous" />
    <link rel="preload" nonce=d001ae021a0df351ba2b54678676b377 href="/build/fonts/GT-America-Extended-Medium.latin.woff2" as="font" type="font/woff2" crossorigin="anonymous" />
    <link rel="preload" nonce=d001ae021a0df351ba2b54678676b377 href="/build/fonts/GT-America-Standard-Medium.latin.woff2" as="font" type="font/woff2" crossOrigin="anonymous" />
    <link rel="preload" nonce=d001ae021a0df351ba2b54678676b377 href="/build/fonts/GT-America-Standard-Bold.latin.woff2" as="font" type="font/woff2" crossOrigin="anonymous" />
    <link rel="preload" nonce=d001ae021a0df351ba2b54678676b377 href="/build/fonts/N26-Sans-Extended-Medium.woff2" as="font" type="font/woff2" crossOrigin="anonymous" />

    <style>

@font-face {
  font-family: 'N26';
  font-style: normal;
  font-weight: 400;
  font-display: swap;
  src:
    url('/build/fonts/GT-America-Standard-Regular.latin.woff2') format('woff2');
  unicode-range: U+0000-00FF, U+0131, U+0152-0153, U+02BB-02BC, U+02C6, U+02DA, U+02DC, U+2000-206F, U+2074, U+20AC, U+2122, U+2191, U+2193, U+2212, U+2215, U+FEFF, U+FFFD;
}


@font-face {
  font-family: 'N26';
  font-style: normal;
  font-weight: 500;
  font-display: swap;
  src:
    url('/build/fonts/GT-America-Standard-Medium.latin.woff2') format('woff2');
  unicode-range: U+0000-00FF, U+0131, U+0152-0153, U+02BB-02BC, U+02C6, U+02DA, U+02DC, U+2000-206F, U+2074, U+20AC, U+2122, U+2191, U+2193, U+2212, U+2215, U+FEFF, U+FFFD;
}


@font-face {
  font-family: 'N26';
  font-style: normal;
  font-weight: 600;
  font-display: swap;
  src:
    url('/build/fonts/GT-America-Extended-Medium.latin.woff2') format('woff2');
  unicode-range: U+0000-00FF, U+0131, U+0152-0153, U+02BB-02BC, U+02C6, U+02DA, U+02DC, U+2000-206F, U+2074, U+20AC, U+2122, U+2191, U+2193, U+2212, U+2215, U+FEFF, U+FFFD;
}


@font-face {
  font-family: 'N26';
  font-style: normal;
  font-weight: 700;
  font-display: swap;
  src:
    url('/build/fonts/GT-America-Standard-Bold.latin.woff2') format('woff2');
  unicode-range: U+0000-00FF, U+0131, U+0152-0153, U+02BB-02BC, U+02C6, U+02DA, U+02DC, U+2000-206F, U+2074, U+20AC, U+2122, U+2191, U+2193, U+2212, U+2215, U+FEFF, U+FFFD;
}


@font-face {
  font-family: 'N26';
  font-style: normal;
  font-weight: 400;
  font-display: swap;
  src:
    url('/build/fonts/GT-America-Standard-Regular.latin-ext.woff2') format('woff2');
  unicode-range: U+0100-024F, U+0259, U+1E00-1EFF, U+2020, U+20A0-20AB, U+20AD-20CF, U+2113, U+2C60-2C7F, U+A720-A7FF;
}


@font-face {
  font-family: 'N26';
  font-style: normal;
  font-weight: 500;
  font-display: swap;
  src:
    url('/build/fonts/GT-America-Standard-Medium.latin-ext.woff2') format('woff2');
  unicode-range: U+0100-024F, U+0259, U+1E00-1EFF, U+2020, U+20A0-20AB, U+20AD-20CF, U+2113, U+2C60-2C7F, U+A720-A7FF;
}


@font-face {
  font-family: 'N26';
  font-style: normal;
  font-weight: 600;
  font-display: swap;
  src:
    url('/build/fonts/GT-America-Extended-Medium.latin-ext.woff2') format('woff2');
  unicode-range: U+0100-024F, U+0259, U+1E00-1EFF, U+2020, U+20A0-20AB, U+20AD-20CF, U+2113, U+2C60-2C7F, U+A720-A7FF;
}


@font-face {
  font-family: 'N26';
  font-style: normal;
  font-weight: 700;
  font-display: swap;
  src:
    url('/build/fonts/GT-America-Standard-Bold.latin-ext.woff2') format('woff2');
  unicode-range: U+0100-024F, U+0259, U+1E00-1EFF, U+2020, U+20A0-20AB, U+20AD-20CF, U+2113, U+2C60-2C7F, U+A720-A7FF;
}


@font-face {
  font-family: 'N26 Sans';
  src: url('/build/fonts/N26-Sans-Extended-Medium.woff2') format('woff2');
  font-weight: 500;
  font-style: normal;
  font-display: swap;
}
</style>
    <link data-chunk="client" rel="stylesheet" href="/build/css/6954.63ae82fb.css">
<link data-chunk="client" rel="stylesheet" href="/build/css/client.827e31dd.css">
    
<style
  data-fela-id=""
  data-fela-rehydration='289'
  data-fela-type='STATIC'
  
  >
  :root {-webkit-font-smoothing: antialiased;-moz-osx-font-smoothing: grayscale;--duration: 1;--app-height: 100%;--responsive-base: 1;--background-default: rgb(255, 255, 255); --background-alternate: rgb(249, 249, 249); --background-screen: rgb(249, 249, 249); --background-button-primary-active: #088177; --background-button-primary-pressed: #088177; --background-button-primary-disabled: #D8EDEB; --background-button-secondary: rgb(255, 255, 255); --background-container-teal: #088177; --background-container-rhubarb: #D48A90; --background-container-wheat: rgb(200, 157, 88); --background-container-petrol: rgb(43, 105, 122); --background-container-secondary-teal: #A8DED8; --background-container-secondary-rhubarb: #EDCCCF; --background-container-secondary-wheat: rgb(235, 221, 204); --background-container-secondary-petrol: rgb(204, 220, 226); --background-container-light: rgb(242, 242, 242); --background-container-light-teal: #D8EDEB; --background-container-light-rhubarb: #F5E1E3; --background-container-light-wheat: rgb(242, 236, 225); --background-container-light-petrol: rgb(233, 238, 242); --background-container-lightest-petrol: rgb(233, 238, 242); --background-container-dark-teal: #26A197; --background-container-dark-wheat: rgb(140, 108, 58); --background-container-dark-petrol: rgb(9, 61, 77); --background-container-dark-rhubarb: #B55B64; --background-container-alpha-teal: rgb(72, 172, 152, 0.5); --background-container-alpha-wheat: rgb(205, 163, 95, 0.5); --background-container-alpha-petrol: rgba(38, 102, 120, 0.5); --background-container-alpha-rhubarb: rgb(203, 124, 122, 0.5); --background-light-error-red: #F5E1E3; --background-info-card: rgb(233, 233, 233); --typography-primary-default: rgb(27, 27, 27); --typography-primary-inverted: rgb(255, 255, 255); --typography-primary-consistent: rgb(27, 27, 27); --typography-primary-inverted-consistent: rgb(255, 255, 255); --typography-secondary-default: rgb(105, 105, 105); --typography-secondary-consistent: rgb(105, 105, 105); --typography-disabled: rgb(171, 171, 171); --typography-interactive-primary-teal-consistent: #088177; --typography-interactive-primary-wheat-consistent: rgb(200, 157, 88); --typography-interactive-primary-petrol-default: rgb(43, 105, 122); --typography-interactive-primary-petrol-consistent: rgb(43, 105, 122); --typography-interactive-primary-rhubarb-default: #B55B64; --typography-interactive-primary-rhubarb-consistent: #B55B64; --typography-interactive-secondary-teal-default: #06736A; --typography-interactive-secondary-teal-consistent: #06736A; --typography-interactive-secondary-wheat-consistent: rgb(166, 121, 49); --typography-interactive-secondary-petrol-default: rgb(32, 91, 107); --typography-interactive-secondary-petrol-consistent: rgb(32, 91, 107); --typography-interactive-secondary-rhubarb-consistent: #A84C55; --typography-positive-amount: #088177; --border-primary-gray: rgb(233, 233, 233); --border-primary-teal: #06736A; --border-primary-petrol: rgb(24, 81, 97); --border-primary-wheat: rgb(128, 91, 32); --border-primary-rhubarb: #A84C55; --border-secondary-gray: rgb(150, 150, 150); --border-secondary-teal: #088177; --border-secondary-petrol: rgb(43, 105, 122); --border-secondary-wheat: rgb(166, 121, 49); --border-secondary-rhubarb: #B55B64; --divider-default: rgb(233, 233, 233); --divider-default-consistent: rgb(233, 233, 233); --background-screen-default: rgb(255, 255, 255); --background-container-primary-default: rgb(255, 255, 255); --background-container-primary-teal: #088177; --background-container-primary-wheat: rgb(200, 157, 88); --background-container-primary-petrol: rgb(43, 105, 122); --background-container-primary-rhubarb: #B55B64; --background-container-primary-gray: rgb(150, 150, 150); --background-container-primary-hovered: rgb(249, 249, 249); --background-container-primary-pressed: rgb(242, 242, 242); --background-elevated-container-primary-default: rgb(255, 255, 255); --background-container-secondary-gray: rgb(233, 233, 233); --background-container-tertiary-teal: #D8EDEB; --background-container-tertiary-teal-pressed: #A8DED8; --background-container-tertiary-wheat: rgb(242, 236, 225); --background-container-tertiary-wheat-pressed: rgb(235, 221, 204); --background-container-tertiary-petrol: rgb(233, 238, 242); --background-container-tertiary-petrol-pressed: rgb(204, 220, 226); --background-container-tertiary-rhubarb: #F5E1E3; --background-container-tertiary-rhubarb-pressed: #EDCCCF; --background-container-tertiary-gray: rgb(242, 242, 242); --background-container-tertiary-gray-pressed: rgb(233, 233, 233); --background-error: #F5E1E3; --background-positive-amount: #D8EDEB; --background-navigation-bottom: rgb(255, 255, 255); --background-button-primary-teal-default: #088177; --background-button-primary-teal-pressed: #06736A; --background-button-primary-teal-disabled: #64C5BD; --background-button-primary-teal-hover-and-focused: #088177; --background-button-primary-wheat-default: rgb(166, 121, 49); --background-button-primary-wheat-pressed: rgb(128, 91, 32); --background-button-primary-wheat-disabled: rgb(225, 197, 161); --background-button-primary-wheat-hover-and-focused: rgb(166, 121, 49); --background-button-primary-petrol-default: rgb(43, 105, 122); --background-button-primary-petrol-pressed: rgb(24, 81, 97); --background-button-primary-petrol-disabled: rgb(204, 220, 226); --background-button-primary-petrol-hover-and-focused: rgb(43, 105, 122); --background-button-primary-rhubarb-default: #B55B64; --background-button-primary-rhubarb-pressed: #A84C55; --background-button-primary-rhubarb-disabled: #E0ABB0; --background-button-primary-rhubarb-hover-and-focused: #B55B64; --background-button-secondary-default: rgb(255, 255, 255); --background-button-secondary-pressed: rgb(242, 242, 242); --background-button-tertiary-teal-pressed: #D8EDEB; --background-button-tertiary-wheat-pressed: rgb(242, 236, 225); --background-button-tertiary-petrol-pressed: rgb(233, 238, 242); --background-button-tertiary-rhubarb-pressed: #F5E1E3; --background-button-tertiary-hover-and-focused: rgb(255, 255, 255); --overlay-default: rgb(27, 27, 27); --overlay-default-consistent: rgb(27, 27, 27); --shadow-default: rgba(0, 0, 0, 0.2); --phone-frame-foreground: rgb(233, 233, 233); --phone-frame-background: rgb(249, 249, 249); --iconography-primary-default: rgb(27, 27, 27); --iconography-primary-consistent: rgb(27, 27, 27); --iconography-primary-default-inverted: rgb(255, 255, 255); --iconography-primary-inverted-consistent: rgb(255, 255, 255); --iconography-secondary-default: rgb(105, 105, 105); --iconography-disabled: rgb(171, 171, 171); --iconography-interactive-primary-teal-consistent: #088177; --iconography-interactive-primary-teal-disabled: #64C5BD; --iconography-interactive-primary-petrol-default: rgb(43, 105, 122); --iconography-interactive-primary-petrol-consistent: rgb(43, 105, 122); --iconography-interactive-primary-petrol-disabled: rgb(121, 161, 173); --iconography-interactive-primary-rhubarb-default: #B55B64; --iconography-interactive-primary-rhubarb-consistent: #B55B64; --iconography-interactive-primary-rhubarb-disabled: #E0ABB0; --iconography-interactive-secondary-teal-default: #06736A; --iconography-interactive-secondary-teal-consistent: #06736A; --iconography-interactive-secondary-petrol-default: rgb(32, 91, 107); --iconography-interactive-secondary-petrol-consistent: rgb(32, 91, 107); --progress-background: #A8DED8; --progress-foreground: #088177; --shimmer-loader-background: rgb(242, 242, 242); --shimmer-loader-foreground: rgb(249, 249, 249); --bright-overlay: rgb(255, 255, 255, 0.75); --mild-overlay: rgba(0, 0, 0, 0.075); --distinct-overlay: rgba(0, 0, 0, 0.2); --primary-focus: rgba(54, 161, 139, 0.6); --typography-default: rgb(18, 18, 18); --typography-default-inverted: rgb(255, 255, 255); --typography-default-consistent: rgb(18, 18, 18); --typography-default-inverted-consistent: rgb(255, 255, 255); --typography-interactive-rhubarb: #D48A90; --typography-interactive-default: #088177; --typography-interactive-teal: #088177; --typography-extra-light: rgb(191, 191, 191); --typography-light: rgb(116, 116, 116); --typography-error: #A84C55; --divider-teal: #088177; --divider-error: #A84C55; --divider-dark: rgb(116, 116, 116); --iconography-default: rgb(18, 18, 18); --iconography-default-inverted: rgb(255, 255, 255); --iconography-light: rgb(116, 116, 116); --iconography-bright: rgb(233, 233, 233); --iconography-action: #088177; --iconography-rhubarb: #B55B64; --shimmer-background: rgb(233, 233, 233); --shimmer-foreground: rgb(249, 249, 249); --deprecated-gray: rgb(201, 201, 201); /* 1 */--spacing-5-xl: 4.4em; --spacing-4-xl: 3.85em; --spacing-3-xl: 3.3em; --spacing-2-xl: 2.75em; --spacing-xl: 2.2em; --spacing-l: 1.65em; --spacing-m: 1.1em; --spacing-s: 0.88em; --spacing-xs: 0.825em; --spacing-2-xs: 0.55em; --spacing-3-xs: 0.275em; --spacing-4-xs: 0.22em; --spacing-5-xs: 0.165em; --spacing-6-xs: 0.11em;--font-size-6-xl: 2.8rem; --font-size-5-xl: 2.2rem; --font-size-4-xl: 2rem; --font-size-3-xl: 1.8rem; --font-size-2-xl: 1.5rem; --font-size-xl: 1.3rem; --font-size-l: 1.2rem; --font-size-m: 1.1rem; --font-size-s: 1rem; --font-size-xs: 0.9rem; --font-size-2-xs: 0.85rem; --font-size-3-xs: 0.8rem; --font-size-4-xs: 0.7rem; --font-size-5-xs: 0.6rem;--line-height-5-xl: 1.8; --line-height-4-xl: 1.7; --line-height-3-xl: 1.6; --line-height-2-xl: 1.5; --line-height-xl: 1.45; --line-height-l: 1.4; --line-height-m: 1.2; --line-height-s: 1.1; --line-height-xs: 1;--width-7-xl: 88ch; --width-6-xl: 77ch; --width-5-xl: 71.5ch; --width-4-xl: 66ch; --width-3-xl: 49.5ch; --width-2-xl: 48.4ch; --width-xl: 44ch; --width-l: 41.8ch; --width-m: 33ch; --width-s: 27.5ch; --width-xs: 22ch; --width-2-xs: 15.4ch; --width-3-xs: 13.2ch; --width-4-xs: 11ch; --width-5-xs: 8.8ch; --width-6-xs: 5.5ch; --width-7-xs: 3.3ch; --width-8-xs: 1.1ch; --width-9-xs: 0.825ch; --width-10-xs: 0.55ch; --width-11-xs: 0.33ch; --width-12-xs: 0.11ch;--border-radius-5-xl: 34px; --border-radius-4-xl: 27px; --border-radius-3-xl: 22px; --border-radius-2-xl: 14px; --border-radius-xl: 10px; --border-radius-l: 8px; --border-radius-m: 6px; --border-radius-s: 5px; --border-radius-xs: 4px; --border-radius-2-xs: 2px; --border-radius-credit-card: 3% 5%; --border-radius-half: 50%; --border-radius-circle: 100vw;scroll-behavior: smooth; /* 2 */}@media (max-width: 767px) {:root {--responsive-base: 0.8;touch-action: manipulation;}}@media (prefers-reduced-motion: reduce) {:root { --duration: 0; scroll-behavior: auto }}*, ::before, ::after{box-sizing:inherit}duet-date-picker{width:100%}.duet-date__toggle-icon:focus-visible, .duet-date__select select:focus-visible+.duet-date__select-label{border-top-left-radius:var(--border-radius-l);border-top-right-radius:var(--border-radius-l);border-bottom-right-radius:var(--border-radius-l);border-bottom-left-radius:var(--border-radius-l)}.duet-date__prev:focus-visible, .duet-date__next:focus-visible, .duet-date__select select:focus-visible+.duet-date__select-label,.duet-date__close:focus-visible,.duet-date__toggle-icon:focus-visible{box-shadow: 0 0 0 2px var(--border-primary-teal)}.duet-date__close:focus-visible{outline-style:none}.duet-date__day[aria-pressed=true], .duet-date__day:focus{background-color:var(--background-container-primary-teal);color:var(--typography-primary-inverted-consistent);border-top-left-radius:0;border-top-right-radius:0;border-bottom-right-radius:0;border-bottom-left-radius:0}.duet-date__dialog{z-index:2}@media (max-width: 767px) {.duet-date__dialog-content {min-height: 28rem}}.duet-date__dialog-content{background-color:var(--background-screen-default)}.duet-date__cell > .is-month:not(.is-outside){border-top-width:1px;border-right-width:1px;border-bottom-width:1px;border-left-width:1px;border-top-style:solid;border-right-style:solid;border-bottom-style:solid;border-left-style:solid;border-top-color:var(--divider-default);border-right-color:var(--divider-default);border-bottom-color:var(--divider-default);border-left-color:var(--divider-default);border-top-left-radius:0;border-top-right-radius:0;border-bottom-right-radius:0;border-bottom-left-radius:0}.duet-date__cell .is-outside, .duet-date__day:not(.is-month){color:var(--typography-disabled)}html{background-color:var(--background-alternate);box-sizing:border-box;font-weight:400;min-height:100%;-ms-text-size-adjust:100%;-webkit-text-size-adjust:100%}html, body, [id="root"]{display:-webkit-box;display:-moz-box;display:-ms-flexbox;display:-webkit-flex;display:flex;flex-direction:column;-webkit-box-orient:vertical;-webkit-box-direction:normal;flex-grow:1;flex-shrink:1;flex-basis:auto}body{font-family:N26, sans-serif;font-size:112.5%;line-height:1.4;color:var(--typography-default);overflow-x:hidden;text-underline-position:under;margin-top:0;margin-right:0;margin-bottom:0;margin-left:0}img{display:block;height:auto;max-width:100%;border-top-style:none;border-right-style:none;border-bottom-style:none;border-left-style:none}main{display:block}[hidden]{display:none}a{background-color:transparent;-webkit-text-decoration-skip:objects}svg:not(:root){overflow-x:hidden;overflow-y:hidden}hr{overflow-x:visible;overflow-y:visible}button, input, select, textarea{font:inherit;margin-top:0;margin-right:0;margin-bottom:0;margin-left:0}button, input{overflow-x:visible;overflow-y:visible}button, select{text-transform:none}button, html [type="button"], [type="reset"], [type="submit"]{-webkit-appearance:button}button::-moz-focus-inner,[type="button"]::-moz-focus-inner,[type="reset"]::-moz-focus-inner,[type="submit"]::-moz-focus-inner{border-top-style:none;border-right-style:none;border-bottom-style:none;border-left-style:none;padding-top:0;padding-right:0;padding-bottom:0;padding-left:0}button:-moz-focusring,[type="button"]:-moz-focusring,[type="reset"]:-moz-focusring,[type="submit"]:-moz-focusring{outline-width:1px;outline-style:dotted;outline-color:ButtonText}fieldset{border-top-width:1px;border-right-width:1px;border-bottom-width:1px;border-left-width:1px;border-top-style:solid;border-right-style:solid;border-bottom-style:solid;border-left-style:solid;border-top-color:rgb(192, 192, 192);border-right-color:rgb(192, 192, 192);border-bottom-color:rgb(192, 192, 192);border-left-color:rgb(192, 192, 192);margin-top:0;margin-right:2px;margin-bottom:0;margin-left:2px;padding-top:0.35em;padding-right:0.625em;padding-bottom:var(--spacing-xs);padding-left:0.625em}legend{box-sizing:border-box;display:table;max-width:100%;white-space:normal;color:inherit;padding-top:0;padding-right:0;padding-bottom:0;padding-left:0}textarea{overflow-x:auto;overflow-y:auto}[type="checkbox"], [type="radio"]{padding-top:0;padding-right:0;padding-bottom:0;padding-left:0}[type="number"]::-webkit-inner-spin-button,[type="number"]::-webkit-outer-spin-button{height:auto}[type="search"]{-webkit-appearance:textfield;outline-offset:-2px}[type="search"]::-webkit-search-cancel-button,[type="search"]::-webkit-search-decoration{-webkit-appearance:none}::-webkit-input-placeholder{color:inherit;opacity:0.54}::-webkit-file-upload-button{-webkit-appearance:button;font:inherit}:-webkit-autofill,:-webkit-autofill:hover,:-webkit-autofill:focus,:-webkit-autofill:active{transition:background-color 1000000ms, color 1000000ms;-webkit-transition:background-color 1000000ms, color 1000000ms;-moz-transition:background-color 1000000ms, color 1000000ms}:required:-moz-ui-invalid{box-shadow:none}.visually-hidden{border-top-width:0 !important;border-right-width:0 !important;border-bottom-width:0 !important;border-left-width:0 !important;clip:rect(1px, 1px, 1px, 1px) !important;height:1px !important;padding-top:0 !important;padding-right:0 !important;padding-bottom:0 !important;padding-left:0 !important;position:absolute !important;white-space:nowrap !important;width:1px !important;overflow-x:hidden;overflow-y:!important}strong, b{font-weight:500}audio, canvas, iframe, img, svg, video{vertical-align:middle}p{margin-top:0;margin-bottom:var(--spacing-m)}html[data-theme="dark"] input{color-scheme:dark}
</style>


<style
  data-fela-id=""
  data-fela-rehydration='289'
  data-fela-type='RULE'
  
  >
  .a{min-height:100vh}.b{display:-webkit-box;display:-moz-box;display:-ms-flexbox;display:-webkit-flex;display:flex}.c{flex-direction:column;-webkit-box-orient:vertical;-webkit-box-direction:normal}.d{width:100%}.e{flex-grow:1}.f{flex-shrink:1}.g{flex-basis:auto}.h{align-items:center;-webkit-box-align:center}.i{position:relative}.j{margin-top:auto}.k{margin-right:auto}.l{margin-bottom:auto}.m{margin-left:auto}.u{z-index:1}.v{background-color:var(--background-container-secondary-teal)}.w{transition-property:background-color;-webkit-transition-property:background-color;-moz-transition-property:background-color}.x{transition-duration:calc(var(--duration) * 350ms)}.z{flex-basis:100%}.ab{padding-top:var(--spacing-l)}.ac{padding-right:var(--spacing-s)}.ae{padding-bottom:var(--spacing-l)}.af{padding-left:var(--spacing-s)}.ag{background-color:var(--background-default)}.ah{width:auto}.ai{min-height:24rem}.aj{align-items:stretch;-webkit-box-align:stretch}.bc{text-align:center}.bd{justify-content:center;-webkit-box-pack:center}.be{max-width:100%}.bf{padding-top:var(--spacing-m)}.bg{padding-bottom:var(--spacing-m)}.bh{border-top-width:1px}.bj{border-right-width:1px}.bk{border-bottom-width:1px}.bl{border-left-width:1px}.bm{border-top-style:solid}.bn{border-right-style:solid}.bo{border-bottom-style:solid}.bp{border-left-style:solid}.bq{border-top-color:var(--divider-default)}.br{border-right-color:var(--divider-default)}.bs{border-bottom-color:var(--divider-default)}.bt{border-left-color:var(--divider-default)}.bu{border-top-left-radius:var(--border-radius-xl)}.bv{border-top-right-radius:var(--border-radius-xl)}.bw{border-bottom-right-radius:var(--border-radius-xl)}.bx{border-bottom-left-radius:var(--border-radius-xl)}.by{max-width:25.25rem}.bz::after{content:""}.ca::after{display:block}.cb::after{width:25.25rem}.cc> form{width:100%}.cd{margin-top:0}.ce{margin-bottom:0}.cf{padding-top:var(--spacing-3-xs)}.cg{padding-right:var(--spacing-3-xs)}.ch{padding-bottom:var(--spacing-3-xs)}.ci{padding-left:var(--spacing-3-xs)}.cj{border-top-width:0}.ck{border-right-width:0}.cl{border-bottom-width:0}.cm{border-left-width:0}.cn{background-color:transparent}.co{font-style:inherit}.cp{font-weight:inherit}.cq{font-size:inherit}.cr{line-height:inherit}.cs{font-family:inherit}.ct{color:inherit}.cu{text-align:left}.cv{cursor:pointer}.cw{display:block}.cx{width:5rem}.de{text-decoration-line:none}.df{margin-top:calc(var(--spacing-3-xs) * -1)}.dg{margin-bottom:calc(var(--spacing-l) - var(--spacing-3-xs))}.dh{fill:currentcolor}.di{max-height:2.2rem}.dj{box-shadow:none}.dk{font-size:var(--font-size-s)}.dl{line-height:1.3333333333333333}.dm{color:var(--typography-default)}.dn[disabled]{cursor:not-allowed}.do[disabled]{opacity:0.5}.dp[disabled]{pointer-events:none}.dq[readonly]{cursor:not-allowed}.dr[readonly]{opacity:0.5}.ds[readonly]{pointer-events:none}.dt + ul{margin-top:6px}.du + ul{margin-right:-1px}.dv + ul{margin-bottom:0}.dw + ul{margin-left:-1px}.dx + ul{padding-top:0}.dy + ul{padding-right:0}.dz + ul{padding-bottom:0}.ea + ul{padding-left:0}.eb + ul{list-style:none}.ec + ul> ::before{position:absolute}.ed + ul> ::before{content:"\200B"}.ee + ul{background-color:var(--background-default)}.ef + ul{box-shadow:0 2px 4px 0 rgba(0, 0, 0, 0.1)}.eg + ul{position:absolute}.eh + ul{left:0}.ei + ul{right:0}.ej + ul{z-index:50}.em + ul{border-top-width:1px}.en + ul{border-right-width:1px}.eo + ul{border-bottom-width:1px}.ep + ul{border-left-width:1px}.eq + ul{border-top-style:solid}.er + ul{border-right-style:solid}.es + ul{border-bottom-style:solid}.et + ul{border-left-style:solid}.eu + ul{border-top-color:var(--divider-default)}.ev + ul{border-right-color:var(--divider-default)}.ew + ul{border-bottom-color:var(--divider-default)}.ex + ul{border-left-color:var(--divider-default)}.ey + ul{border-top-left-radius:var(--border-radius-l)}.ez + ul{border-top-right-radius:var(--border-radius-l)}.fa + ul{border-bottom-right-radius:var(--border-radius-l)}.fc + ul{border-bottom-left-radius:var(--border-radius-l)}.fd + ul > li:not(:last-child){border-bottom-width:1px}.fe + ul > li:not(:last-child){border-bottom-style:solid}.ff + ul > li:not(:last-child){border-bottom-color:var(--divider-default)}.fg + ul > li{font-size:var(--font-size-s)}.fh + ul > li{text-align:left}.fi + ul > li:first-child{border-top-left-radius:var(--border-radius-l)}.fj + ul > li:first-child{border-top-right-radius:var(--border-radius-l)}.fk + ul > li:last-child{border-bottom-left-radius:var(--border-radius-l)}.fl + ul > li:last-child{border-bottom-right-radius:var(--border-radius-l)}.fm + ul > li:hover{background-color:var(--background-container-teal)}.fn + ul > li:hover{color:var(--typography-default-inverted)}.fo + ul > li:hover:not(:last-child){border-bottom-width:1px}.fp + ul > li:hover:not(:last-child){border-bottom-style:solid}.fq + ul > li:hover:not(:last-child){border-bottom-color:rgba(255, 255, 255, 0.4)}.fr + ul > li:hover{cursor:pointer}.fs + ul > li{padding-top:var(--spacing-2-xs)}.ft + ul > li{padding-right:var(--spacing-xs)}.fu + ul > li{padding-bottom:var(--spacing-2-xs)}.fv + ul > li{padding-left:var(--spacing-xs)}.fw + ul > [aria-selected="true"]{background-color:var(--background-container-teal)}.fx + ul > [aria-selected="true"]{color:var(--typography-default-inverted)}.fy + ul > [aria-selected="true"]:not(:last-child){border-bottom-width:1px}.fz + ul > [aria-selected="true"]:not(:last-child){border-bottom-style:solid}.ga + ul > [aria-selected="true"]:not(:last-child){border-bottom-color:rgba(255, 255, 255, 0.4)}.gb + ul mark{background-color:transparent}.gc + ul mark{color:inherit}.gd + ul mark{border-bottom-width:1px}.ge + ul mark{border-bottom-style:solid}.gf::placeholder{transition-property:opacity;-webkit-transition-property:opacity;-moz-transition-property:opacity}.gg::placeholder{transition-duration:calc(var(--duration) * 300ms)}.gh::-ms-input-placeholder{opacity:0.8}.gi::-ms-input-placeholder{color:rgb(150, 150, 150)}.gj{-webkit-appearance:none;-moz-appearance:none;appearance:none}.gk{height:100%}.gl[type="date"]::-webkit-datetime-edit{color:var(--typography-default)}.gm{border-top-left-radius:var(--border-radius-l)}.gn{border-top-right-radius:var(--border-radius-l)}.go{border-bottom-right-radius:var(--border-radius-l)}.gp{border-bottom-left-radius:var(--border-radius-l)}.gq{outline-style:none}.gr{padding-top:var(--spacing-xl)}.gs{padding-bottom:var(--spacing-xs)}.gt{height:4em}.gu{transition-property:box-shadow, border-color;-webkit-transition-property:box-shadow, border-color;-moz-transition-property:box-shadow, border-color}.gv{transition-duration:calc(var(--duration) * 400ms)}.gw{-webkit-tap-highlight-color:transparent}.gy{margin-bottom:var(--spacing-s)}.gz{color:var(--typography-light)}.ha{position:absolute}.hb{top:50%}.hc{left:var(--spacing-s)}.hd{transition-property:transform;-webkit-transition-property:transform;-moz-transition-property:transform}.he{transition-duration:calc(var(--duration) * 300ms)}.hf{transform-origin:top left}.hg{transform:translateY(calc(var(--spacing-m) * -1.25)) scale(0.8)}.hh{margin-left:-2px}.hi{cursor:-webkit-text;cursor:text}.hj{pointer-events:none}.hk{padding-right:var(--spacing-xs)}.hl{font-weight:500}.hm{color:var(--typography-interactive-default)}.hr{white-space:nowrap}.hs{margin-right:calc(var(--spacing-3-xs) * -1)}.ht{margin-bottom:calc(var(--spacing-3-xs) * -1)}.hu{margin-left:calc(var(--spacing-3-xs) * -1)}.hv:not(:empty){margin-bottom:var(--spacing-s)}.hw{background-color:var(--background-container-teal)}.hx{color:var(--typography-default-inverted)}.hy{display:inline-block}.hz{transition-duration:calc(var(--duration) * 250ms)}.ia{line-height:var(--line-height-l)}.id::after{position:absolute}.ie::after{top:-4px}.if::after{bottom:-4px}.ih::after{right:-4px}.ii::after{left:-4px}.ij::after{opacity:0}.ik::after{box-shadow:0 0 0 2px var(--primary-focus)}.il::after{pointer-events:none}.im::after{transition-duration:inherit}.in::after{border-top-left-radius:var(--border-radius-xl)}.io::after{border-top-right-radius:var(--border-radius-xl)}.ip::after{border-bottom-right-radius:var(--border-radius-xl)}.iq::after{border-bottom-left-radius:var(--border-radius-xl)}.iw{padding-top:var(--spacing-xs)}.ix{padding-right:var(--spacing-l)}.iy{padding-left:var(--spacing-l)}.iz{border-top-width:2px}.ja{border-right-width:2px}.jb{border-bottom-width:2px}.jc{border-left-width:2px}.jd{border-top-color:transparent}.je{border-right-color:transparent}.jf{border-bottom-color:transparent}.jg{border-left-color:transparent}.jh{margin-top:var(--spacing-2-xs)}.ji{z-index:50}.jj{min-height:60px}.jk{align-items:flex-start;-webkit-box-align:start}.jn{padding-right:var(--spacing-m)}.jo{padding-left:var(--spacing-m)}.jp{font-size:var(--font-size-3-xs)}.jt{height:var(--spacing-m)}.ju{width:var(--spacing-m)}.jv{vertical-align:-2px}.jw{fill:none}.jx{stroke:currentcolor}.jy{stroke-width:2px}.jz{overflow-x:hidden}.ka{overflow-y:hidden}.kb{vertical-align:baseline}.kc{width:inherit}.kd{height:inherit}.gx:hover{box-shadow:0 2px 4px 0 rgba(0, 0, 0, 0.1)}.ib:hover{box-shadow:0 5px 10px rgba(0, 0, 0, 0.2)}.ic:hover{transform:translateY(-2px)}.jr:hover{color:var(--typography-interactive-default)}.cy:focus{box-shadow:0 0 0 3px var(--primary-focus)}.cz:focus{border-top-left-radius:var(--border-radius-m)}.da:focus{border-top-right-radius:var(--border-radius-m)}.db:focus{border-bottom-right-radius:var(--border-radius-m)}.dc:focus{border-bottom-left-radius:var(--border-radius-m)}.dd:focus{outline-style:none}.ir:focus::after{opacity:1}.js:active{color:var(--typography-interactive-default)}
</style>


<style
  data-fela-id=""
  data-fela-rehydration='289'
  data-fela-type='RULE'
  
  media='(min-width: 768px)'>
  .q{margin-top:auto}.r{margin-right:auto}.s{margin-bottom:auto}.t{margin-left:auto}.au{padding-top:var(--spacing-m)}.av{padding-right:var(--spacing-s)}.aw{padding-bottom:var(--spacing-m)}.ax{padding-left:var(--spacing-s)}.ay{border-top-left-radius:var(--border-radius-xl)}.az{border-top-right-radius:var(--border-radius-xl)}.ba{border-bottom-right-radius:var(--border-radius-xl)}.bb{border-bottom-left-radius:var(--border-radius-xl)}.ek + ul{overflow-y:auto}.el + ul{max-height:10em}.jl{flex-direction:row;-webkit-box-orient:horizontal;-webkit-box-direction:normal}.jm{align-items:center;-webkit-box-align:center}.jq{margin-right:var(--spacing-m)}
</style>


<style
  data-fela-id=""
  data-fela-rehydration='289'
  data-fela-type='RULE'
  
  media='(max-width: 767px)'>
  .n{flex-grow:1}.o{flex-shrink:1}.p{flex-basis:auto}.y{background:var(--background-alternate)}.ak{text-align:center}.al{background:transparent}.am{padding-top:0}.an{padding-right:0}.ao{padding-bottom:0}.ap{padding-left:0}.aq{border-top-style:none}.ar{border-right-style:none}.as{border-bottom-style:none}.at{border-left-style:none}.hn{padding-top:var(--spacing-3-xs)}.ho{padding-right:var(--spacing-3-xs)}.hp{padding-bottom:var(--spacing-3-xs)}.hq{padding-left:var(--spacing-3-xs)}.is{padding-top:var(--spacing-xs)}.it{padding-right:var(--spacing-xs)}.iu{padding-bottom:var(--spacing-xs)}.iv{padding-left:var(--spacing-xs)}
</style>

    <style data-rh="true" >:root { --background-default: rgb(255, 255, 255); --background-alternate: rgb(249, 249, 249); --background-screen: rgb(249, 249, 249); --background-button-primary-active: #088177; --background-button-primary-pressed: #088177; --background-button-primary-disabled: #D8EDEB; --background-button-secondary: rgb(255, 255, 255); --background-container-teal: #088177; --background-container-rhubarb: #D48A90; --background-container-wheat: rgb(200, 157, 88); --background-container-petrol: rgb(43, 105, 122); --background-container-secondary-teal: #A8DED8; --background-container-secondary-rhubarb: #EDCCCF; --background-container-secondary-wheat: rgb(235, 221, 204); --background-container-secondary-petrol: rgb(204, 220, 226); --background-container-light: rgb(242, 242, 242); --background-container-light-teal: #D8EDEB; --background-container-light-rhubarb: #F5E1E3; --background-container-light-wheat: rgb(242, 236, 225); --background-container-light-petrol: rgb(233, 238, 242); --background-container-lightest-petrol: rgb(233, 238, 242); --background-container-dark-teal: #26A197; --background-container-dark-wheat: rgb(140, 108, 58); --background-container-dark-petrol: rgb(9, 61, 77); --background-container-dark-rhubarb: #B55B64; --background-container-alpha-teal: rgb(72, 172, 152, 0.5); --background-container-alpha-wheat: rgb(205, 163, 95, 0.5); --background-container-alpha-petrol: rgba(38, 102, 120, 0.5); --background-container-alpha-rhubarb: rgb(203, 124, 122, 0.5); --background-light-error-red: #F5E1E3; --background-info-card: rgb(233, 233, 233); --typography-primary-default: rgb(27, 27, 27); --typography-primary-inverted: rgb(255, 255, 255); --typography-primary-consistent: rgb(27, 27, 27); --typography-primary-inverted-consistent: rgb(255, 255, 255); --typography-secondary-default: rgb(105, 105, 105); --typography-secondary-consistent: rgb(105, 105, 105); --typography-disabled: rgb(171, 171, 171); --typography-interactive-primary-teal-consistent: #088177; --typography-interactive-primary-wheat-consistent: rgb(200, 157, 88); --typography-interactive-primary-petrol-default: rgb(43, 105, 122); --typography-interactive-primary-petrol-consistent: rgb(43, 105, 122); --typography-interactive-primary-rhubarb-default: #B55B64; --typography-interactive-primary-rhubarb-consistent: #B55B64; --typography-interactive-secondary-teal-default: #06736A; --typography-interactive-secondary-teal-consistent: #06736A; --typography-interactive-secondary-wheat-consistent: rgb(166, 121, 49); --typography-interactive-secondary-petrol-default: rgb(32, 91, 107); --typography-interactive-secondary-petrol-consistent: rgb(32, 91, 107); --typography-interactive-secondary-rhubarb-consistent: #A84C55; --typography-positive-amount: #088177; --border-primary-gray: rgb(233, 233, 233); --border-primary-teal: #06736A; --border-primary-petrol: rgb(24, 81, 97); --border-primary-wheat: rgb(128, 91, 32); --border-primary-rhubarb: #A84C55; --border-secondary-gray: rgb(150, 150, 150); --border-secondary-teal: #088177; --border-secondary-petrol: rgb(43, 105, 122); --border-secondary-wheat: rgb(166, 121, 49); --border-secondary-rhubarb: #B55B64; --divider-default: rgb(233, 233, 233); --divider-default-consistent: rgb(233, 233, 233); --background-screen-default: rgb(255, 255, 255); --background-container-primary-default: rgb(255, 255, 255); --background-container-primary-teal: #088177; --background-container-primary-wheat: rgb(200, 157, 88); --background-container-primary-petrol: rgb(43, 105, 122); --background-container-primary-rhubarb: #B55B64; --background-container-primary-gray: rgb(150, 150, 150); --background-container-primary-hovered: rgb(249, 249, 249); --background-container-primary-pressed: rgb(242, 242, 242); --background-elevated-container-primary-default: rgb(255, 255, 255); --background-container-secondary-gray: rgb(233, 233, 233); --background-container-tertiary-teal: #D8EDEB; --background-container-tertiary-teal-pressed: #A8DED8; --background-container-tertiary-wheat: rgb(242, 236, 225); --background-container-tertiary-wheat-pressed: rgb(235, 221, 204); --background-container-tertiary-petrol: rgb(233, 238, 242); --background-container-tertiary-petrol-pressed: rgb(204, 220, 226); --background-container-tertiary-rhubarb: #F5E1E3; --background-container-tertiary-rhubarb-pressed: #EDCCCF; --background-container-tertiary-gray: rgb(242, 242, 242); --background-container-tertiary-gray-pressed: rgb(233, 233, 233); --background-error: #F5E1E3; --background-positive-amount: #D8EDEB; --background-navigation-bottom: rgb(255, 255, 255); --background-button-primary-teal-default: #088177; --background-button-primary-teal-pressed: #06736A; --background-button-primary-teal-disabled: #64C5BD; --background-button-primary-teal-hover-and-focused: #088177; --background-button-primary-wheat-default: rgb(166, 121, 49); --background-button-primary-wheat-pressed: rgb(128, 91, 32); --background-button-primary-wheat-disabled: rgb(225, 197, 161); --background-button-primary-wheat-hover-and-focused: rgb(166, 121, 49); --background-button-primary-petrol-default: rgb(43, 105, 122); --background-button-primary-petrol-pressed: rgb(24, 81, 97); --background-button-primary-petrol-disabled: rgb(204, 220, 226); --background-button-primary-petrol-hover-and-focused: rgb(43, 105, 122); --background-button-primary-rhubarb-default: #B55B64; --background-button-primary-rhubarb-pressed: #A84C55; --background-button-primary-rhubarb-disabled: #E0ABB0; --background-button-primary-rhubarb-hover-and-focused: #B55B64; --background-button-secondary-default: rgb(255, 255, 255); --background-button-secondary-pressed: rgb(242, 242, 242); --background-button-tertiary-teal-pressed: #D8EDEB; --background-button-tertiary-wheat-pressed: rgb(242, 236, 225); --background-button-tertiary-petrol-pressed: rgb(233, 238, 242); --background-button-tertiary-rhubarb-pressed: #F5E1E3; --background-button-tertiary-hover-and-focused: rgb(255, 255, 255); --overlay-default: rgb(27, 27, 27); --overlay-default-consistent: rgb(27, 27, 27); --shadow-default: rgba(0, 0, 0, 0.2); --phone-frame-foreground: rgb(233, 233, 233); --phone-frame-background: rgb(249, 249, 249); --iconography-primary-default: rgb(27, 27, 27); --iconography-primary-consistent: rgb(27, 27, 27); --iconography-primary-default-inverted: rgb(255, 255, 255); --iconography-primary-inverted-consistent: rgb(255, 255, 255); --iconography-secondary-default: rgb(105, 105, 105); --iconography-disabled: rgb(171, 171, 171); --iconography-interactive-primary-teal-consistent: #088177; --iconography-interactive-primary-teal-disabled: #64C5BD; --iconography-interactive-primary-petrol-default: rgb(43, 105, 122); --iconography-interactive-primary-petrol-consistent: rgb(43, 105, 122); --iconography-interactive-primary-petrol-disabled: rgb(121, 161, 173); --iconography-interactive-primary-rhubarb-default: #B55B64; --iconography-interactive-primary-rhubarb-consistent: #B55B64; --iconography-interactive-primary-rhubarb-disabled: #E0ABB0; --iconography-interactive-secondary-teal-default: #06736A; --iconography-interactive-secondary-teal-consistent: #06736A; --iconography-interactive-secondary-petrol-default: rgb(32, 91, 107); --iconography-interactive-secondary-petrol-consistent: rgb(32, 91, 107); --progress-background: #A8DED8; --progress-foreground: #088177; --shimmer-loader-background: rgb(242, 242, 242); --shimmer-loader-foreground: rgb(249, 249, 249); --bright-overlay: rgb(255, 255, 255, 0.75); --mild-overlay: rgba(0, 0, 0, 0.075); --distinct-overlay: rgba(0, 0, 0, 0.2); --primary-focus: rgba(54, 161, 139, 0.6); --typography-default: rgb(18, 18, 18); --typography-default-inverted: rgb(255, 255, 255); --typography-default-consistent: rgb(18, 18, 18); --typography-default-inverted-consistent: rgb(255, 255, 255); --typography-interactive-rhubarb: #D48A90; --typography-interactive-default: #088177; --typography-interactive-teal: #088177; --typography-extra-light: rgb(191, 191, 191); --typography-light: rgb(116, 116, 116); --typography-error: #A84C55; --divider-teal: #088177; --divider-error: #A84C55; --divider-dark: rgb(116, 116, 116); --iconography-default: rgb(18, 18, 18); --iconography-default-inverted: rgb(255, 255, 255); --iconography-light: rgb(116, 116, 116); --iconography-bright: rgb(233, 233, 233); --iconography-action: #088177; --iconography-rhubarb: #B55B64; --shimmer-background: rgb(233, 233, 233); --shimmer-foreground: rgb(249, 249, 249); --deprecated-gray: rgb(201, 201, 201); }</style>
    

    <link data-chunk="client" rel="preload" as="style" href="/build/css/client.827e31dd.css" nonce="d001ae021a0df351ba2b54678676b377">
<link data-chunk="client" rel="preload" as="style" href="/build/css/6954.63ae82fb.css" nonce="d001ae021a0df351ba2b54678676b377">
<link data-chunk="client" rel="preload" as="script" href="/build/js/webpack-runtime.8eda5cb2.js" nonce="d001ae021a0df351ba2b54678676b377">
<link data-chunk="client" rel="preload" as="script" href="/build/js/util_vendor.00e2ab05.js" nonce="d001ae021a0df351ba2b54678676b377">
<link data-chunk="client" rel="preload" as="script" href="/build/js/react_vendor.85fb11fa.js" nonce="d001ae021a0df351ba2b54678676b377">
<link data-chunk="client" rel="preload" as="script" href="/build/js/6954.af95daa8.js" nonce="d001ae021a0df351ba2b54678676b377">
<link data-chunk="client" rel="preload" as="script" href="/build/js/client.64629020.js" nonce="d001ae021a0df351ba2b54678676b377">
<link data-chunk="banking-features-auth-biometric-PreAppAuthPages" rel="preload" as="script" href="/build/js/6759.2f2cc008.js" nonce="d001ae021a0df351ba2b54678676b377">
<link data-chunk="banking-features-auth-biometric-PreAppAuthPages" rel="preload" as="script" href="/build/js/1503.f68ea103.js" nonce="d001ae021a0df351ba2b54678676b377">
<link data-chunk="banking-features-auth-biometric-PreAppAuthPages" rel="preload" as="script" href="/build/js/banking-features-auth-biometric-PreAppAuthPages.dbe8a051.js" nonce="d001ae021a0df351ba2b54678676b377">
<link data-chunk="banking-features-auth-biometric-LoginPage" rel="preload" as="script" href="/build/js/1596.6ac8435d.js" nonce="d001ae021a0df351ba2b54678676b377">
<link data-chunk="banking-features-auth-biometric-LoginPage" rel="preload" as="script" href="/build/js/1992.184409c9.js" nonce="d001ae021a0df351ba2b54678676b377">
<link data-chunk="banking-features-auth-biometric-LoginPage" rel="preload" as="script" href="/build/js/banking-features-auth-biometric-LoginPage.0eb32aa2.js" nonce="d001ae021a0df351ba2b54678676b377">
    <link rel="preload" as="script" href="/build/js/client.64629020.js" crossorigin="anonymous" nonce="d001ae021a0df351ba2b54678676b377" />

    <link rel="apple-touch-icon" sizes="256x256" href="/build/logo-256x256.png" />
    <link rel="apple-touch-icon" sizes="152x152" href="/build/logo-152x152.png" />
    <link rel="apple-touch-icon" sizes="120x120" href="/build/logo-120x120.png" />
    <link rel="apple-touch-icon" href="/build/logo.png" />
    <link rel="icon" type="image/x-icon" sizes="256x256" href="/build/favicon.ico" />
    <link rel="manifest" href="/build/manifest.json" />
    <meta name="2msapplication-config" content="/build/browserconfig.xml" />
    <meta name="google" content="notranslate" />
[0m
[0m$ [0mcurl -s --max-time 10 https://app.n26.com/build/js/client.64629020.js 2>&1 | head -200
...output truncated...

Full output saved to: /home/runner/.local/share/opencode/tool-output/tool_067f9b492001iJfZfOg2apqOXk

n    errors {\n      field\n      message\n    }\n  }\n}\n",name:"GraphQL request",locationOffset:{line:1,column:1}};function r(e,t){if("FragmentSpread"===e.kind)t.add(e.name.value);else if("VariableDefinition"===e.kind){var n=e.type;"NamedType"===n.kind&&t.add(n.name.value)}e.selectionSet&&e.selectionSet.selections.forEach(function(e){r(e,t)}),e.variableDefinitions&&e.variableDefinitions.forEach(function(e){r(e,t)}),e.definitions&&e.definitions.forEach(function(e){r(e,t)})}var n={};function o(e,t){for(var r=0;r<e.definitions.length;r++){var n=e.definitions[r];if(n.name&&n.name.value==t)return n}}t.definitions.forEach(function(e){if(e.name){var t=new Set;r(e,t),n[e.name.value]=t}}),e.exports=t,e.exports.setAtecoCode=function(e,t){var r={kind:e.kind,definitions:[o(e,t)]};e.hasOwnProperty("loc")&&(r.loc=e.loc);var i=n[t]||new Set,a=new Set,c=new Set;for(i.forEach(function(e){c.add(e)});c.size>0;){var s=c;c=new Set,s.forEach(function(e){a.has(e)||(a.add(e),(n[e]||new Set).forEach(function(e){c.add(e)}))})}return a.forEach(function(t){var n=o(e,t);n&&r.definitions.push(n)}),r}(t,"setAtecoCode")},92172(e,t,r){"use strict";r.d(t,{O:()=>o});var n=r(3605),o=function(){return{trackStructuredEvent:n.A}}},92604(e,t,r){"use strict";r.d(t,{A:()=>k});var n=r(65723),o=r(46193),i=r(16495),a=r(54852),c=r(22924),s=r(44261),l=r(4020),u=r(36654),d=r(35341),p=r(78876),f=r(19847),b=r(22155),y=r(21334),h=r(21671),v=r(99649),g=r(38741);function m(e,t,r){return t in e?Object.defineProperty(e,t,{value:r,enumerable:!0,configurable:!0,writable:!0}):e[t]=r,e}function O(e,t){return t=null!=t?t:{},Object.getOwnPropertyDescriptors?Object.defineProperties(e,Object.getOwnPropertyDescriptors(t)):function(e,t){var r=Object.keys(e);if(Object.getOwnPropertySymbols){var n=Object.getOwnPropertySymbols(e);t&&(n=n.filter(function(t){return Object.getOwnPropertyDescriptor(e,t).enumerable})),r.push.apply(r,n)}return r}(Object(t)).forEach(function(r){Object.defineProperty(e,r,Object.getOwnPropertyDescriptor(t,r))}),e}const j=r(47094).A.create({input:function(e){return O(function(e){for(var t=1;t<arguments.length;t++){var r=null!=arguments[t]?arguments[t]:{},n=Object.keys(r);"function"==typeof Object.getOwnPropertySymbols&&(n=n.concat(Object.getOwnPropertySymbols(r).filter(function(e){return Object.getOwnPropertyDescriptor(r,e).enumerable}))),n.forEach(function(t){m(e,t,r[t])})}return e}({},e.isJavaScriptEnabled?g.Qg:{}),{marginTop:v.B.TIGHTEST})},checkbox:function(e){return{color:"inherit",display:"flex",padding:0,margin:0,position:"relative",pointerEvents:e.isDisabled?"none":"auto","::after":{content:'""',position:"absolute",top:0,right:0,bottom:0,left:0,zIndex:1,borderRadius:y.N[1]},":focus":{outline:"none","::after":{boxShadow:e.isDisabled?"none":"0 0 0 2px ".concat(e.isInvalid?h.qW.RHUBARB_ALPHA:h.qW.TEAL_ALPHA)}}}},label:function(e){return{display:"block",cursor:"pointer",pointerEvents:e.isDisabled?"none":"auto"}}});function w(e,t,r){return t in e?Object.defineProperty(e,t,{value:r,enumerable:!0,configurable:!0,writable:!0}):e[t]=r,e}function P(e){for(var t=1;t<arguments.length;t++){var r=null!=arguments[t]?arguments[t]:{},n=Object.keys(r);"function"==typeof Object.getOwnPropertySymbols&&(n=n.concat(Object.getOwnPropertySymbols(r).filter(function(e){return Object.getOwnPropertyDescriptor(r,e).enumerable}))),n.forEach(function(t){w(e,t,r[t])})}return e}function A(e,t){return t=null!=t?t:{},Object.getOwnPropertyDescriptors?Object.defineProperties(e,Object.getOwnPropertyDescriptors(t)):function(e,t){var r=Object.keys(e);if(Object.getOwnPropertySymbols){var n=Object.getOwnPropertySymbols(e);t&&(n=n.filter(function(t){return Object.getOwnPropertyDescriptor(e,t).enumerable})),r.push.apply(r,n)}return r}(Object(t)).forEach(function(r){Object.defineProperty(e,r,Object.getOwnPropertyDescriptor(t,r))}),e}var x=function(e){var t=(0,b.useContext)(o.A),r=(0,f.A)(),i=Boolean(e.errors&&e.errors.length>0),s=e.isDisabled,l=r(e.isChecked?"ui.checkbox.checked":"ui.checkbox.unchecked"),u=e.isChecked?p.sQJ:p.xWG,d=i?"INTERACTIVE_SECONDARY_RHUBARB_DEFAULT":s?"SECONDARY_DEFAULT":e.isChecked?"INTERACTIVE_PRIMARY_TEAL_CONSISTENT":void 0,y=[e["aria-describedby"],"".concat(e.id,"-errors")].filter(Boolean).join(" ");return(0,n.jsxs)(n.Fragment,{children:[(0,n.jsx)(a.A,{type:"checkbox",as:"input",id:e.id,name:e.name,value:e.value,checked:e.isChecked,isDisabled:s,isInvalid:i,onChange:e.onChange,disabled:s,"aria-disabled":s,"aria-describedby":y,"aria-controls":e["aria-controls"],"aria-invalid":i,"data-testid":e["data-testid"],isJavaScriptEnabled:t,extend:j.input,required:e.isRequired,passThrough:["name","value","id","type","disabled","checked","aria-invalid","aria-disabled","aria-controls","aria-describedby","onChange","required","data-testid"]}),t&&(0,n.jsx)(a.A,{as:"span",isDisabled:s,isInvalid:i,"aria-disabled":s,"aria-invalid":i,extend:j.checkbox,onKeyDown:function(t){var r="Enter"===t.key||" "===t.key;!s&&r&&e.onChange(t)},onClick:function(t){return!e.label&&e.onChange(t)},tabIndex:0,passThrough:["tabIndex","onKeyDown","onClick"],children:(0,n.jsx)(c.A,{size:2,color:d,token:u,label:l})})]})},S=function(e){if(!e.label)return(0,n.jsx)(x,A(P({},e),{onChange:function(t){e.isDisabled||"function"!=typeof e.onChange||e.onChange(t)}}));var t=Boolean(e.errors&&e.errors.length>0),r=e.isDisabled?"SECONDARY_DEFAULT":t?"INTERACTIVE_PRIMARY_RHUBARB_DEFAULT":"PRIMARY_DEFAULT";return(0,n.jsx)(a.A,{as:"label",isDisabled:e.isDisabled,extend:j.label,htmlFor:e.id,"data-testid":e["data-testid"],passThrough:["htmlFor"],children:(0,n.jsxs)(s.A,{spacing:"TIGHT",children:[(0,n.jsx)(s.A.Column,{children:(0,n.jsx)(x,A(P({},e),{"data-testid":e["data-testid"]?"".concat(e["data-testid"],"-input"):void 0}))}),(0,n.jsxs)(s.A.Column,{children:[(0,n.jsx)(l.A,{top:"TIGHTEST",bottom:t?"TIGHT":"NONE",children:(0,n.jsx)(u.A,{color:r,lineHeight:2,as:"span",isBlock:!0,size:e.size,"data-testid":e["data-testid"]?"".concat(e["data-testid"],"-label"):void 0,children:e.label})}),(0,n.jsx)(i.A.List,{values:e.errors,id:"".concat(e.id,"-errors"),"data-testid":e["data-testid"]?"".concat(e["data-testid"],"-errors"):void 0})]})]})})};(0,d.Ay)(S,{label:A(P({},d.pE),{description:"Supportive text which labels the checkbox."}),errors:d.FA,name:d.Dd,value:A(P({},d.vq),{description:"Value the checkbox will send in the form if checked.",default:"on"}),isRequired:A(P({},d.Ye),{description:"Controls whether or not the checkbox must be checked."}),isDisabled:A(P({},d.Ye),{description:"Controls whether or not the checkbox will be interactable by the user."}),isChecked:A(P({},d.Ye),{description:"Controls the checked state of the checkbox."}),size:A(P({},d.lQ),{description:"Controls the size of the label text"}),onChange:d.Fp,id:A(P({},d.To),{isRequired:!0}),"data-testid":d.n$,"aria-describedby":d.el,"aria-controls":d.My});const k=S},93498(e,t,r){"use strict";r.d(t,{A:()=>g});var n=r(65723),o=r(16923),i=r(22924),a=r(13555),c=r(36654),s=r(35341),l=r(78876),u=r(5821),d=r.n(u),p=r(22155),f=r(65846);function b(e,t,r){return t in e?Object.defineProperty(e,t,{value:r,enumerable:!0,configurable:!0,writable:!0}):e[t]=r,e}function y(e){for(var t=1;t<arguments.length;t++){var r=null!=arguments[t]?arguments[t]:{},n=Object.keys(r);"function"==typeof Object.getOwnPropertySymbols&&(n=n.concat(Object.getOwnPropertySymbols(r).filter(function(e){return Object.getOwnPropertyDescriptor(r,e).enumerable}))),n.forEach(function(t){b(e,t,r[t])})}return e}function h(e,t){return t=null!=t?t:{},Object.getOwnPropertyDescriptors?Object.defineProperties(e,Object.getOwnPropertyDescriptors(t)):function(e,t){var r=Object.keys(e);if(Object.getOwnPropertySymbols){var n=Object.getOwnPropertySymbols(e);t&&(n=n.filter(function(t){return Object.getOwnPropertyDescriptor(e,t).enumerable})),r.push.apply(r,n)}return r}(Object(t)).forEach(function(r){Object.defineProperty(e,r,Object.getOwnPropertyDescriptor(t,r))}),e}var v=function(e){var t=(0,f.A)().css,r=e.isWithChevron?(0,n.jsx)("div",{className:t({display:"flex"}),children:(0,n.jsx)(i.A,{size:2,token:l.zEP,color:e.isDisabled?"DISABLED":"SECONDARY_DEFAULT"})}):e.right,s=e.left?(0,p.cloneElement)(e.left,e.isDisabled?{color:"DISABLED"}:void 0):void 0;return(0,n.jsx)(a.A,{as:e.as,id:e.id,left:s,styles:e.styles,right:r,"data-testid":e["data-testid"],background:e.background,center:(0,n.jsxs)(n.Fragment,{children:[(0,n.jsx)(c.A,{size:5,isBold:e.isLabelBold,color:e.isDisabled?"DISABLED":e.color,isBlock:!0,as:"p",children:(0,n.jsx)(o.A,{type:"BLANK",label:e.label,href:e.href,to:e.to,onClick:e.onClick,isSubmit:e.isSubmit,isOpenedInBrowser:e.isOpenedInBrowser,isOpenedInNewTab:e.isOpenedInNewTab,isQueryPreserved:e.isQueryPreserved,isDisabled:e.isDisabled,isLoading:e.isLoading,"data-testid":e["data-testid"]?"".concat(e["data-testid"],"-action"):void 0,"aria-controls":e["aria-controls"],isTargetExpanded:!0,isExpandedHoverable:Boolean(e.onClick||e.href||e.to),screenReaderLabel:e.screenReaderLabel,innerRef:e.innerRef,color:e.actionColor})}),Boolean(e.subText)&&(0,n.jsx)(c.A,{size:4,top:"TIGHTER",color:e.isDisabled?"DISABLED":"SECONDARY_DEFAULT",as:"p",children:e.subText})]}),spacing:e.spacing})};(0,s.Ay)(v,{left:s.pE,styles:{validator:d().object,description:"Contain style objects that can be extended"},right:h(y({},s.pE),{description:"Content on the right. Will be disregarded when isChevron is set."}),to:s.N3,label:h(y({},s.pE),{isRequired:!0,description:"The text which describes the row action."}),screenReaderLabel:s.ZY,spacing:y({},s.pK),subText:h(y({},s.pE),{description:"Descriptive text which sits below the label."}),color:s.l5,actionColor:s.U,background:s.SE,isWithChevron:h(y({},s.Ye),{description:"Controls the display of the chevron icon on the right side of the row."}),isDisabled:h(y({},s.Ye),{description:"Controls whether or not the action will be interactable by the user."}),isLabelBold:h(y({},s.Ye),{description:"Will apply a bold font weight to the label.",default:!1}),isLoading:h(y({},s.Ye),{description:"Toggles the loading spinner.",default:!1}),isOpenedInBrowser:h(y({},s.Ye),{description:"Force the link to be opened in the browser and not a webview."}),isOpenedInNewTab:h(y({},s.Ye),{description:"Force the link to be opened in a new tab or window."}),isQueryPreserved:h(y({},s.Ye),{description:"The link will preserve any query parameters that are already set in the URL."}),isSubmit:h(y({},s.Ye),{description:"Controls whether or not the action will act as a submit button."}),href:s.HK,onClick:s.hE,as:s.qr,id:s.To,"data-testid":s.n$});const g=v},93611(e,t,r){"use strict";r.d(t,{A:()=>l,d:()=>s});var n=r(65723),o=r(73633),i=r(32713),a=new Map;a.set(o.Cm,"REPLACE"),a.set(o.EA,"APPEND");var c=function(e){if(!e.children)return null;if("string"!=typeof e.children)return e.children;var t=s(e.children,e.patterns),r=t.content,n=t.replacements;return(0,i.o)(r,n)},s=function(e){var t=arguments.length>1&&void 0!==arguments[1]?arguments[1]:[],r=e.trim(),o=t.reduce(function(e,t){return r=r.replace(t,function(r,o){var i="__BREAK_".concat(o,"__"),c="{{"+i+"}}";return e[i]=(0,n.jsx)("br",{},o),"REPLACE"===a.get(t)?c:r+c}),e},{});return{content:r,replacements:o}};c.defaultProps={patterns:[o.Cm,o.EA]};const l=c},93700(e,t,r){"use strict";r.d(t,{w:()=>j,t:()=>O});var n=r(65723),o=function(e){return e.toString()?"?".concat(e.toString()):""};const i=function(e){var t=(null==e?void 0:e.pathname)||"",r=new URLSearchParams((null==e?void 0:e.search)||{});if(t){r.has("redirect")&&r.delete("redirect");var n=t+o(r);r.set("redirect",n)}return"/login"+o(r)};var a=r(59966),c=r(13157),s=r(50909),l=r(45452),u=r(75994),d=r(25229),p=r(5821),f=r.n(p),b=r(22155),y=r(62934);function h(e,t,r){return t in e?Object.defineProperty(e,t,{value:r,enumerable:!0,configurable:!0,writable:!0}):e[t]=r,e}function v(e){for(var t=1;t<arguments.length;t++){var r=null!=arguments[t]?arguments[t]:{},n=Object.keys(r);"function"==typeof Object.getOwnPropertySymbols&&(n=n.concat(Object.getOwnPropertySymbols(r).filter(function(e){return Object.getOwnPropertyDescriptor(r,e).enumerable}))),n.forEach(function(t){h(e,t,r[t])})}return e}function g(e,t){return t=null!=t?t:{},Object.getOwnPropertyDescriptors?Object.defineProperties(e,Object.getOwnPropertyDescriptors(t)):function(e,t){var r=Object.keys(e);if(Object.getOwnPropertySymbols){var n=Object.getOwnPropertySymbols(e);t&&(n=n.filter(function(t){return Object.getOwnPropertyDescriptor(e,t).enumerable})),r.push.apply(r,n)}return r}(Object(t)).forEach(function(r){Object.defineProperty(e,r,Object.getOwnPropertyDescriptor(t,r))}),e}var m={redirectPath:f().string.isRequired,children:f().node.isRequired},O=function(e){return(0,b.useContext)(a.A).isAuthenticated?(0,n.jsx)(s.rd,{to:e.redirectPath}):e.children};O.propTypes=m;var j=function(e){var t=(0,b.useContext)(a.A).isAuthenticated,r=(0,u.s)(),o=(0,d.P)(),p=(0,y.zy)(),f=e.redirectPath||i(p);return t?e.skipRedirect||!e.withAppAccess||(0,c.e)(g(v({},r),{navigationTarget:null==o?void 0:o.navigationTarget}))?e.children:(0,n.jsx)(s.rd,{to:(0,l.A)(g(v({},r),{navigationTarget:null==o?void 0:o.navigationTarget,userId:null==o?void 0:o.userId}))}):(0,n.jsx)(s.rd,{to:f})};j.propTypes=g(v({},m),{redirectPath:f().string,withAppAccess:f().bool})},93971(e,t,r){"use strict";r.d(t,{L:()=>f});var n=r(51607),o=r(41023),i=r.n(o),a=r(82375),c=r(52649),s=r(58552),l=r(68678),u=r(22155);function d(e,t){(null==t||t>e.length)&&(t=e.length);for(var r=0,n=new Array(t);r<t;r++)n[r]=e[r];return n}function p(e,t){return function(e){if(Array.isArray(e))return e}(e)||function(e,t){var r=null==e?null:"undefined"!=typeof Symbol&&e[Symbol.iterator]||e["@@iterator"];if(null!=r){var n,o,i=[],a=!0,c=!1;try{for(r=r.call(e);!(a=(n=r.next()).done)&&(i.push(n.value),!t||i.length!==t);a=!0);}catch(s){c=!0,o=s}finally{try{a||null==r.return||r.return()}finally{if(c)throw o}}return i}}(e,t)||function(e,t){if(!e)return;if("string"==typeof e)return d(e,t);var r=Object.prototype.toString.call(e).slice(8,-1);"Object"===r&&e.constructor&&(r=e.constructor.name);if("Map"===r||"Set"===r)return Array.from(r);if("Arguments"===r||/^(?:Ui|I)nt(?:8|16|32)(?:Clamped)?Array$/.test(r))return d(e,t)}(e,t)||function(){throw new TypeError("Invalid attempt to destructure non-iterable instance.\nIn order to be iterable, non-array objects must have a [Symbol.iterator]() method.")}()}var f=function(e,t,r){var o,d=(0,u.useContext)(c.A),f=null===(o=(0,u.useContext)(l.A))||void 0===o?void 0:o.setErrors,b=((0,u.useContext)(a.A)||{}).setIsReenteringAfterAccountTypeSubmission,y=p((0,n.n)(i(),{variables:{accountType:e},onCompleted:function(e){return e.setAccountType.error?f([e.setAccountType.error],{addLineBreaks:!0}):d?(0,s.x)("showSuccess",""):(null==b||b(!0),"function"==typeof t?t():window.location.reload())},onError:function(e){if("function"==typeof r)return r(e);f([e],{addLineBreaks:!0})}}),2);return{setAccountTypeSelection:y[0],accountPurposeSubmissionLoading:y[1].loading}}},94282(e,t,r){"use strict";r.d(t,{A:()=>i});var n=r(52649),o=r(22155);const i=function(e){var t=(0,o.useContext)(n.A);return"".concat(t&&!e.startsWith("/webviews")?"/webviews":"").concat(e)}},94669(e,t,r){"use strict";r.d(t,{A:()=>D});var n=r(65723),o=r(81356),i=r(94282),a=r(52649),c=r(58552),s=r(36654),l=r(81513),u=r(63140),d=r(94932),p=r(91345),f=r(20774),b=r(64881),y=r(40666),h=r(53490),v=r(57767),g=r(22155),m=r(62934);function O(e,t,r){return t in e?Object.defineProperty(e,t,{value:r,enumerable:!0,configurable:!0,writable:!0}):e[t]=r,e}function j(e,t){return t=null!=t?t:{},Object.getOwnPropertyDescriptors?Object.defineProperties(e,Object.getOwnPropertyDescriptors(t)):function(e,t){var r=Object.keys(e);if(Object.getOwnPropertySymbols){var n=Object.getOwnPropertySymbols(e);t&&(n=n.filter(function(t){return Object.getOwnPropertyDescriptor(e,t).enumerable})),r.push.apply(r,n)}return r}(Object(t)).forEach(function(r){Object.defineProperty(e,r,Object.getOwnPropertyDescriptor(t,r))}),e}const w=function(e){return(0,n.jsx)("svg",j(function(e){for(var t=1;t<arguments.length;t++){var r=null!=arguments[t]?arguments[t]:{},n=Object.keys(r);"function"==typeof Object.getOwnPropertySymbols&&(n=n.concat(Object.getOwnPropertySymbols(r).filter(function(e){return Object.getOwnPropertyDescriptor(r,e).enumerable}))),n.forEach(function(t){O(e,t,r[t])})}return e}({xmlns:"http://www.w3.org/2000/svg",viewBox:"0 0 32 32"},e),{children:(0,n.jsxs)("g",{stroke:"transparent",children:[(0,n.jsx)("path",{d:"M10.5 16.75a.75.75 0 0 1 0-1.5h18a.75.75 0 1 1 0 1.5h-18z"}),(0,n.jsx)("path",{d:"M29.057 15.498a.75.75 0 1 1-1.114 1.004l-4.5-5a.75.75 0 1 1 1.114-1.004l4.5 5z"}),(0,n.jsx)("path",{d:"M27.943 15.498a.75.75 0 1 1 1.114 1.004l-4.5 5a.75.75 0 1 1-1.114-1.004l4.5-5z"}),(0,n.jsx)("path",{d:"M23 2.25a.75.75 0 1 1 0 1.5H5c-.69 0-1.25.56-1.25 1.25v22c0 .69.56 1.25 1.25 1.25h18a.75.75 0 1 1 0 1.5H5A2.75 2.75 0 0 1 2.25 27V5A2.75 2.75 0 0 1 5 2.25h18z"})]})}))};function P(e,t,r){return t in e?Object.defineProperty(e,t,{value:r,enumerable:!0,configurable:!0,writable:!0}):e[t]=r,e}const A=function(e){var t=(0,h.A)();return(0,n.jsx)(l.A,function(e){for(var t=1;t<arguments.length;t++){var r=null!=arguments[t]?arguments[t]:{},n=Object.keys(r);"function"==typeof Object.getOwnPropertySymbols&&(n=n.concat(Object.getOwnPropertySymbols(r).filter(function(e){return Object.getOwnPropertyDescriptor(r,e).enumerable}))),n.forEach(function(t){P(e,t,r[t])})}return e}({href:"/logout",label:t.string("ui.logout"),icon:w},e))};const x={customLogo:{height:r(76031)._Q}};function S(e,t){if(null==e)return{};var r,n,o,i={};if("undefined"!=typeof Reflect&&Reflect.ownKeys){for(r=Reflect.ownKeys(Object(e)),o=0;o<r.length;o++)n=r[o],t.indexOf(n)>=0||Object.prototype.propertyIsEnumerable.call(e,n)&&(i[n]=e[n]);return i}if(i=function(e,t){if(null==e)return{};var r,n,o={},i=Object.getOwnPropertyNames(e);for(n=0;n<i.length;n++)r=i[n],t.indexOf(r)>=0||Object.prototype.propertyIsEnumerable.call(e,r)&&(o[r]=e[r]);return o}(e,t),Object.getOwnPropertySymbols)for(r=Object.getOwnPropertySymbols(e),o=0;o<r.length;o++)n=r[o],t.indexOf(n)>=0||Object.prototype.propertyIsEnumerable.call(e,n)&&(i[n]=e[n]);return i}var k=function(e){var t=(0,h.A)(),r=(0,m.W6)(),i=(0,m.zy)().search;return e.disableBack?(0,n.jsx)(o.A,{children:(0,n.jsx)(b.A,{extend:x.customLogo})}):(0,n.jsx)(l.A,{"data-testid":"back-button",label:t.string("ui.back_button"),icon:e.isSmall?p.A:d.A,onClick:function(){return"function"==typeof e.handleBack?e.handleBack():r.length>2?r.goBack():r.push({pathname:e.backPathname,search:i})}})},E=function(){var e=(0,g.useContext)(a.A),t=(0,h.A)();return(0,n.jsx)(n.Fragment,{children:e?(0,n.jsx)(u.A,{onClick:function(){return(0,c.x)("close")},children:t.string("ui.webview.close.button")}):(0,n.jsx)(A,{})})};const D=function(e){var t=e.isFixed,r=void 0!==t&&t,o=e.disableBack,a=void 0!==o&&o,c=S(e,["isFixed","disableBack"]),l=(0,v.l)(),u=l.isSmall,d=l.isWide,p=c.title,b=(0,i.A)("backPathname"in c?c.backPathname:"/"),h=(0,n.jsx)(k,{disableBack:a,handleBack:c.handleBack,isSmall:u,backPathname:b}),g=(0,n.jsx)(E,{});return d?(0,n.jsx)(f.A,{Left:h,Right:g}):(0,n.jsx)(y.A,{Left:h,Right:g,Middle:p?(0,n.jsx)(s.A,{as:"h1",isCentered:!0,children:p}):null,isFixed:r})}},94864(e,t,r){"use strict";r.d(t,{A:()=>B});var n=r(65723),o=r(84152),i=r(22924),a=r(35341),c=r(78876),s=r(66161),l=r(77469),u=r(48425),d=r(57767),p=r(5821),f=r.n(p),b=r(22155),y=r(70316),h=r(65846),v=r(46193),g=r(45028),m=r(97159);function O(e,t,r){return t in e?Object.defineProperty(e,t,{value:r,enumerable:!0,configurable:!0,writable:!0}):e[t]=r,e}function j(e){for(var t=1;t<arguments.length;t++){var r=null!=arguments[t]?arguments[t]:{},n=Object.keys(r);"function"==typeof Object.getOwnPropertySymbols&&(n=n.concat(Object.getOwnPropertySymbols(r).filter(function(e){return Object.getOwnPropertyDescriptor(r,e).enumerable}))),n.forEach(function(t){O(e,t,r[t])})}return e}function w(e,t){return t=null!=t?t:{},Object.getOwnPropertyDescriptors?Object.defineProperties(e,Object.getOwnPropertyDescriptors(t)):function(e,t){var r=Object.keys(e);if(Object.getOwnPropertySymbols){var n=Object.getOwnPropertySymbols(e);t&&(n=n.filter(function(t){return Object.getOwnPropertyDescriptor(e,t).enumerable})),r.push.apply(r,n)}return r}(Object(t)).forEach(function(r){Object.defineProperty(e,r,Object.getOwnPropertyDescriptor(t,r))}),e}var P=function(e){var t=(0,b.useRef)(),r=(0,b.useRef)(),o=(0,b.useContext)(v.A),i=(0,h.A)().css,a=e.onClose,c=e.setParentDialog;(0,b.useEffect)(function(){if(r.current){var e=new g.A(r.current,"#root");return e.on("show",function(){document.documentElement.style.overflowY="hidden"}).on("hide",function(){a(),document.documentElement.style.overflowY=""}),t.current=e,c(e),function(){t.current&&(t.current.destroy(),t.current=null,c(null))}}},[r,c,a]);var s=e.titleId||e.id+"-title",l=e.overlayComponent||"div";return o?(0,n.jsxs)("div",{id:e.id,ref:r,className:i(m.A.infoSheetDialog(e.isOpen)),children:[(0,n.jsx)(l,w(j({tabIndex:"-1",className:i(m.A.infoSheetOverlay)},e.overlayProps),{onClick:e.onClose,"data-testid":"info-sheet-overlay"})),(0,n.jsx)("div",{"aria-labelledby":s,role:"dialog",children:e.children})]}):null};P.defaultProps={closeButtonContent:"\xd7"},P.propTypes={id:f().string.isRequired,setParentDialog:f().func.isRequired,titleId:f().string,children:f().node,overlayComponent:f().oneOfType([f().elementType,f().string]),overlayProps:f().object,onClose:f().func,isOpen:f().bool.isRequired};const A=P;function x(e,t){(null==t||t>e.length)&&(t=e.length);for(var r=0,n=new Array(t);r<t;r++)n[r]=e[r];return n}function S(e,t,r){return t in e?Object.defineProperty(e,t,{value:r,enumerable:!0,configurable:!0,writable:!0}):e[t]=r,e}function k(e){for(var t=1;t<arguments.length;t++){var r=null!=arguments[t]?arguments[t]:{},n=Object.keys(r);"function"==typeof Object.getOwnPropertySymbols&&(n=n.concat(Object.getOwnPropertySymbols(r).filter(function(e){return Object.getOwnPropertyDescriptor(r,e).enumerable}))),n.forEach(function(t){S(e,t,r[t])})}return e}function E(e,t){return t=null!=t?t:{},Object.getOwnPropertyDescriptors?Object.defineProperties(e,Object.getOwnPropertyDescriptors(t)):function(e,t){var r=Object.keys(e);if(Object.getOwnPropertySymbols){var n=Object.getOwnPropertySymbols(e);t&&(n=n.filter(function(t){return Object.getOwnPropertyDescriptor(e,t).enumerable})),r.push.apply(r,n)}return r}(Object(t)).forEach(function(r){Object.defineProperty(e,r,Object.getOwnPropertyDescriptor(t,r))}),e}function D(e,t){return function(e){if(Array.isArray(e))return e}(e)||function(e,t){var r=null==e?null:"undefined"!=typeof Symbol&&e[Symbol.iterator]||e["@@iterator"];if(null!=r){var n,o,i=[],a=!0,c=!1;try{for(r=r.call(e);!(a=(n=r.next()).done)&&(i.push(n.value),!t||i.length!==t);a=!0);}catch(s){c=!0,o=s}finally{try{a||null==r.return||r.return()}finally{if(c)throw o}}return i}}(e,t)||function(e,t){if(!e)return;if("string"==typeof e)return x(e,t);var r=Object.prototype.toString.call(e).slice(8,-1);"Object"===r&&e.constructor&&(r=e.constructor.name);if("Map"===r||"Set"===r)return Array.from(r);if("Arguments"===r||/^(?:Ui|I)nt(?:8|16|32)(?:Clamped)?Array$/.test(r))return x(e,t)}(e,t)||function(){throw new TypeError("Invalid attempt to destructure non-iterable instance.\nIn order to be iterable, non-array objects must have a [Symbol.iterator]() method.")}()}var C={visible:{opacity:1},hidden:{opacity:0}},T={visible:{y:0,opacity:1},hidden:{y:"80%",opacity:0}},R={visible:{opacity:1},hidden:{opacity:0}},I={type:"spring",damping:15,mass:.2,restSpeed:.95,restDelta:.95},_=function(e){var t=(0,b.useContext)(o.A).reducedMotion,r=D((0,b.useState)(!1),2),a=r[0],p=r[1],f=D((0,b.useState)(null),2),v=f[0],g=f[1],O=(0,b.useRef)(),j=(0,b.useRef)([]),w=(0,h.A)().css,P=(0,d.l)(),x=P.isSmall,S=P.viewportHeight,E=e.onClose,_=(0,l.A)(e.forceFramerLoad),B=!x||t&&!e.forceFramerLoad;(0,b.useEffect)(function(){p(!0)},[]),(0,b.useEffect)(function(){e.isOpen&&B&&v&&v.show()},[e.isOpen,v,B]);var N=D((0,b.useState)(!1),2),L=N[0],M=N[1],F=(0,b.useCallback)(function(){return M(!1)},[]),H=(0,b.useCallback)(function(){return new Promise(function(e){j.current.push(e),M(!1)})},[]),q=(0,b.useCallback)(function(){var t=e.onOpen;t&&"function"==typeof t&&t(function(e){e&&e.current.focus()})},[e.onOpen]),z=(0,b.useCallback)(function(e){null!==e&&(g(e),e&&(e.on("show",q),e.on("hide",function(){return E()})))},[E,q]),V=(0,b.useCallback)(function(){v&&v.hide()},[v]),U=(0,u.A)(x);return(0,b.useEffect)(function(){!x&&U?(H(),E()):!x||U||t||V()},[x,U,V,H,E,t]),a?B?(0,n.jsx)(s.A,{themeName:"default",id:"dialog-".concat(e.id),title:e.title,titleId:e.titleId,dialogRef:z,closeButtonContent:e.closeButtonContent||(0,n.jsx)(i.A,{size:1,token:c.LRb}),onClose:V,themeOverrides:k({container:{zIndex:300},dialog:m.A.dialogElement,overlay:m.A.dialogOverlay},e.showCloseButton&&{closeButton:m.A.closeButton}),role:e.role,children:"function"==typeof e.children?e.children({close:V}):e.children}):_?y.createPortal((0,n.jsx)(A,{isOpen:e.isOpen,id:"info-sheet-".concat(e.id),titleId:e.titleId,setParentDialog:g,overlayComponent:_.motion.div,onClose:F,overlayProps:{variants:C,initial:"hidden",animate:e.isOpen?"visible":"hidden",transition:{type:"tween",duration:.25},onAnimationStart:function(){M(e.isOpen),e.isOpen?v&&(v.show(),O.current.scrollIntoView()):(v&&v.hide(),j.current.length&&(j.current.forEach(function(e){return e()}),j.current=[]))}},children:(0,n.jsx)(_.motion.div,{className:w(m.A.translateContainer),variants:t?R:T,initial:"hidden",animate:L?"visible":"hidden",onAnimationComplete:function(){L||E()},transition:I,inherit:!1,children:e.isOpen&&(0,n.jsxs)(_.motion.div,{className:w(m.A.dragContainer),"data-testid":"info-sheet-content-".concat(e.id),drag:"y",dragConstraints:{top:0,bottom:0},onDragEnd:function(e,t){var r=.25*S;t.offset.y>r&&M(!1)},children:[(0,n.jsx)("span",{"aria-hidden":!e.isOpen,ref:O,className:w(m.A.topOfSheet)}),"function"==typeof e.children?e.children({close:H}):e.children]})})}),document.querySelector("#dialog-root")):null:null};(0,a.Ay)(_,{title:E(k({},a.vq),{description:"A title for the info sheet (use the same text as for the h1 inside the sheet content)."}),titleId:E(k({},a.To),{description:"The ID gets appended to the title element."}),isOpen:E(k({},a.Ye),{description:"Controls the visibility of the sheet."}),onClose:{validator:f().func,type:"() => {}",description:"A callback which gets called when the sheet is closed."},onOpen:{validator:f().func,type:"() => {}",description:"A callback which gets called when the sheet is opened."},forceFramerLoad:E(k({},a.Ye),{description:"Forces FramerMotion to load even if the user has a reduced motion preference."}),id:a.To,children:{validator:f().oneOfType([f().func,f().node]),type:"() => {} | React.Node",description:"A function that expects a React.Node returned | One or more JSX child elements.",example:"({ close: Function }) => <div>Example!</div> | <div>Example!</div>"},showCloseButton:E(k({},a.Ye),{description:'Shows "x" close button at the top right corner.'}),role:E(k({},a.vq),{validator:f().oneOf(["dialog","alertdialog"]),description:"The role attribute of the dialog element, either dialog or alertdialog\n      to make it a modal (preventing closing on click outside of the dialog).\n      Caution: Unlike regular alerts, an alert dialog must have at least one\n      focusable control and focus must be moved to that control when the alert\n      dialog appears.",example:"dialog"})});const B=_},94932(e,t,r){"use strict";r.d(t,{A:()=>a});var n=r(65723);function o(e,t,r){return t in e?Object.defineProperty(e,t,{value:r,enumerable:!0,configurable:!0,writable:!0}):e[t]=r,e}function i(e,t){return t=null!=t?t:{},Object.getOwnPropertyDescriptors?Object.defineProperties(e,Object.getOwnPropertyDescriptors(t)):function(e,t){var r=Object.keys(e);if(Object.getOwnPropertySymbols){var n=Object.getOwnPropertySymbols(e);t&&(n=n.filter(function(t){return Object.getOwnPropertyDescriptor(e,t).enumerable})),r.push.apply(r,n)}return r}(Object(t)).forEach(function(r){Object.defineProperty(e,r,Object.getOwnPropertyDescriptor(t,r))}),e}const a=function(e){return(0,n.jsx)("svg",i(function(e){for(var t=1;t<arguments.length;t++){var r=null!=arguments[t]?arguments[t]:{},n=Object.keys(r);"function"==typeof Object.getOwnPropertySymbols&&(n=n.concat(Object.getOwnPropertySymbols(r).filter(function(e){return Object.getOwnPropertyDescriptor(r,e).enumerable}))),n.forEach(function(t){o(e,t,r[t])})}return e}({xmlns:"http://www.w3.org/2000/svg",viewBox:"0 0 32 32"},e),{children:(0,n.jsx)("path",{d:"M0 23.23a1.53 1.53 0 0 0 2.61 1.08L16 10.93l13.39 13.39a1.53 1.53 0 0 0 2.16-2.16L17.08 7.68a1.53 1.53 0 0 0-2.16 0L.45 22.15A1.53 1.53 0 0 0 0 23.23z"})}))}},95149(){},95281(e,t,r){"use strict";r.d(t,{A:()=>o,L:()=>n});var n={SEPA_CT:"SEPA_CT",SEPA_ICT:"SEPA_ICT"};const o=function(e){return e===n.SEPA_ICT}},95652(e,t,r){"use strict";r.d(t,{G:()=>i});var n=r(74074),o=r(22155);function i(){var e=(0,o.useContext)(n.A);if(!e)throw new Error("useRegion must be used within a RegionProvider");return e}},95766(e,t,r){"use strict";r.d(t,{i:()=>s});var n=r(8398),o=r(66181),i=r(26158),a=r(31050),c=r(22155),s=function(){var e=(0,a.m)().locale;return(0,c.useCallback)(function(t,r,a){return(0,i.H)({value:t,locale:e,currency:r,options:a},n.Fc,o.y,n.Nm)},[e])}},96175(e,t,r){"use strict";r.d(t,{e:()=>a});var n=r(56142),o=r(22155),i=new n.T,a=(0,o.createContext)({status:"fresh",error:null,setAttributes:function(){i.info("setAttributes: to be implemented")},create:function(){i.info("createSession: to be implemented")}})},96202(e,t,r){"use strict";r.d(t,{A:()=>a});var n=r(65723),o=r(62750),i=r(58332);const a=function(e){return(0,n.jsx)(o.A,{active:e.active,children:(0,n.jsx)(i.A,{})})}},96616(e,t,r){"use strict";r.d(t,{A:()=>L});var n=r(65723),o=r(94669),i=r(81356),a=r(81073),c=r(61179),s=r(82332),l=r(64881),u=r(53490),d=r(84818),p=r(22155),f=r(62934),b=r(76031);const y={customLogo:{height:b._Q}};function h(e,t){(null==t||t>e.length)&&(t=e.length);for(var r=0,n=new Array(t);r<t;r++)n[r]=e[r];return n}function v(e,t,r){return t in e?Object.defineProperty(e,t,{value:r,enumerable:!0,configurable:!0,writable:!0}):e[t]=r,e}function g(e){for(var t=1;t<arguments.length;t++){var r=null!=arguments[t]?arguments[t]:{},n=Object.keys(r);"function"==typeof Object.getOwnPropertySymbols&&(n=n.concat(Object.getOwnPropertySymbols(r).filter(function(e){return Object.getOwnPropertyDescriptor(r,e).enumerable}))),n.forEach(function(t){v(e,t,r[t])})}return e}function m(e,t){return t=null!=t?t:{},Object.getOwnPropertyDescriptors?Object.defineProperties(e,Object.getOwnPropertyDescriptors(t)):function(e,t){var r=Object.keys(e);if(Object.getOwnPropertySymbols){var n=Object.getOwnPropertySymbols(e);t&&(n=n.filter(function(t){return Object.getOwnPropertyDescriptor(e,t).enumerable})),r.push.apply(r,n)}return r}(Object(t)).forEach(function(r){Object.defineProperty(e,r,Object.getOwnPropertyDescriptor(t,r))}),e}function O(e){return function(e){if(Array.isArray(e))return h(e)}(e)||function(e){if("undefined"!=typeof Symbol&&null!=e[Symbol.iterator]||null!=e["@@iterator"])return Array.from(e)}(e)||function(e,t){if(!e)return;if("string"==typeof e)return h(e,t);var r=Object.prototype.toString.call(e).slice(8,-1);"Object"===r&&e.constructor&&(r=e.constructor.name);if("Map"===r||"Set"===r)return Array.from(r);if("Arguments"===r||/^(?:Ui|I)nt(?:8|16|32)(?:Clamped)?Array$/.test(r))return h(e,t)}(e)||function(){throw new TypeError("Invalid attempt to spread non-iterable instance.\nIn order to be iterable, non-array objects must have a [Symbol.iterator]() method.")}()}var j="DOMICILE_ADDRESS_COLLECTION",w=(0,s.M)(c.bw.selectAccount,{progress:0}),P=[{id:"RESIDENCE_ADDRESS_COLLECTION",key:"address.sidebar.address_title",pathname:"/address/residence/create",uris:["/address/residence/create"]},{id:j,key:"address.domicile.sidebar_title",pathname:"/address/domicile/create",uris:["/address/domicile/create"]}],A=function(e,t,r){var n=(0,u.A)(),o=function(e){return[{id:"ACCOUNT_TYPE",key:"registration.postsignup.sidebar.account_type.title",pathname:w,uris:[c.bw.selectAccount,"".concat(e,"/reconsider"),"".concat(e,"/vat"),"".concat(e,"/ateco"),"".concat(e,"/siret")]}]}(r),i=O(P).concat(O(o)),a="/address/domicile/create"===e;return i.reduce(function(r,o){var i=a&&o.id===j,c=o.uris.includes(e),s=!c;r.find(function(e){return e.isActive})&&(s=!1);var l=o.pathname?function(e,t,r){var n=r.hasOwnProperty("flags")?"?flags=".concat(r.flags):"",o="".concat(e).concat(n);return t?{to:o}:{href:o}}(o.pathname,s,t):void 0;return(i||o.id!==j)&&r.push(m(g({},o),{title:n.string(o.key),buttonProps:l,isActive:c,isVisited:s,isNotClickable:!0})),r},[])};const x=(0,p.memo)(function(){var e=(0,f.W5)().path,t=(0,d.A)(),r=A(e,t,"/select/:accountPurpose?");return(0,n.jsx)(a.A,{items:r,helperMenu:(0,n.jsx)(i.A,{children:(0,n.jsx)(l.A,{extend:y.customLogo})})})});var S=r(13440),k=r(57767),E=r(65846),D=r(78345);var C,T,R,I=(C={display:"flex",flex:"1 1 auto",margin:"auto",flexDirection:"column",height:"100%"},T=b.v4,R={justifyContent:"center"},T in C?Object.defineProperty(C,T,{value:R,enumerable:!0,configurable:!0,writable:!0}):C[T]=R,C);function _(e,t,r){return t in e?Object.defineProperty(e,t,{value:r,enumerable:!0,configurable:!0,writable:!0}):e[t]=r,e}function B(e){for(var t=1;t<arguments.length;t++){var r=null!=arguments[t]?arguments[t]:{},n=Object.keys(r);"function"==typeof Object.getOwnPropertySymbols&&(n=n.concat(Object.getOwnPropertySymbols(r).filter(function(e){return Object.getOwnPropertyDescriptor(r,e).enumerable}))),n.forEach(function(t){_(e,t,r[t])})}return e}function N(e,t){return t=null!=t?t:{},Object.getOwnPropertyDescriptors?Object.defineProperties(e,Object.getOwnPropertyDescriptors(t)):function(e,t){var r=Object.keys(e);if(Object.getOwnPropertySymbols){var n=Object.getOwnPropertySymbols(e);t&&(n=n.filter(function(t){return Object.getOwnPropertyDescriptor(e,t).enumerable})),r.push.apply(r,n)}return r}(Object(t)).forEach(function(r){Object.defineProperty(e,r,Object.getOwnPropertyDescriptor(t,r))}),e}const L=function(e){var t,r=(0,E.A)().css,i=(0,k.l)().isWide,a=(0,u.A)();return(0,n.jsxs)("div",{className:r((t={direction:i?"row":"column"},{display:"flex",flexDirection:t.direction,flex:"1 0 auto",width:"100%"})),children:[!i&&(0,n.jsx)(o.A,N(B({},e.backPathname?{backPathname:e.backPathname}:{disableBack:!0}),{progressDescription:e.progressDescription||a.string("registration.postsignup.sidebar.account_type.title"),title:e.title||a.string("product.account_purpose.title")})),i&&e.showSideBar&&(0,n.jsx)(x,{}),(0,n.jsxs)("div",{className:r(I),children:[(0,n.jsx)(S.V,{as:"h1",children:a.string("product.account_purpose.title")}),(0,n.jsx)(n.Fragment,{children:e.children})]}),(0,n.jsx)(D.mg,{children:(0,n.jsx)("title",{children:a.string("product.account_purpose.title")})})]})}},96650(e,t,r){"use strict";r.d(t,{A:()=>a});var n=r(65723),o=r(26684),i=r(91885);const a=function(e){var t=e.translationProjects,r=void 0===t?["login"]:t,a=e.children;return(0,n.jsx)(i.A,{projects:r,children:(0,n.jsx)(o.A.Provider,{value:JSON.parse(!0),children:a})})}},97159(e,t,r){"use strict";r.d(t,{A:()=>h,u:()=>d});var n=r(84144),o=r(99649),i=r(38741),a=r(76031),c=r(47094);function s(e,t,r){return t in e?Object.defineProperty(e,t,{value:r,enumerable:!0,configurable:!0,writable:!0}):e[t]=r,e}var l,u,d="rgba(0, 0, 0, 0.5)",p={position:"fixed",top:0,bottom:0,left:0,right:0,backgroundColor:d,":focus":{outline:"none"}},f={backgroundColor:d},b=s({width:"100%",minHeight:"100%",bottom:0,position:"absolute",backgroundColor:"var(--background-default)",borderRadius:"var(--border-radius-l) var(--border-radius-l) 0 0",padding:"var(--spacing-xl) var(--spacing-m) var(--spacing-4-xl)",shadow:n.e.DEFAULT,zIndex:a.kq,"::before":{content:"''",position:"absolute",width:"32px",height:"4px",top:"var(--spacing-2-xs)",left:"50%",transform:"translateX(-50%)",backgroundColor:"rgb(230, 230, 230)",borderRadius:"var(--border-radius-s)"},"::after":s({content:"''",position:"absolute",width:"100%",height:"100%",top:"100%",left:0,backgroundColor:"var(--background-default)"},a.bP,{height:"auto",maxHeight:"80vh"})},a.bP,{maxHeight:"80vh",overflowY:"auto",touchAction:"pan-down !important",WebkitOverflowScrolling:"touch"}),y=(l=function(e){for(var t=1;t<arguments.length;t++){var r=null!=arguments[t]?arguments[t]:{},n=Object.keys(r);"function"==typeof Object.getOwnPropertySymbols&&(n=n.concat(Object.getOwnPropertySymbols(r).filter(function(e){return Object.getOwnPropertyDescriptor(r,e).enumerable}))),n.forEach(function(t){s(e,t,r[t])})}return e}({},i.WA),u=null!=(u={display:"block",position:"absolute",right:0,top:0,padding:o.B.TIGHT,cursor:"pointer",":focus":{outline:"none",boxShadow:"inset 0 0 0 3px var(--primary-focus)",borderRadius:"var(--border-radius-m)"}})?u:{},Object.getOwnPropertyDescriptors?Object.defineProperties(l,Object.getOwnPropertyDescriptors(u)):function(e,t){var r=Object.keys(e);if(Object.getOwnPropertySymbols){var n=Object.getOwnPropertySymbols(e);t&&(n=n.filter(function(t){return Object.getOwnPropertyDescriptor(e,t).enumerable})),r.push.apply(r,n)}return r}(Object(u)).forEach(function(e){Object.defineProperty(l,e,Object.getOwnPropertyDescriptor(u,e))}),l);const h=c.A.create({dialogElement:{width:"var(--width-l)",minHeight:0,paddingTop:"var(--spacing-l)",paddingBottom:"var(--spacing-l)"},dialogOverlay:f,closeButton:y,infoSheetDialog:function(e){return{position:"fixed",width:"100%",height:"100%",top:"0",left:"0",zIndex:3*a.kq,pointerEvents:e?void 0:"none"}},infoSheetOverlay:p,translateContainer:{position:"fixed",bottom:"calc(var(--spacing-m) * -1)",width:"100%",minHeight:"40vh"},dragContainer:b,topOfSheet:{scrollMarginTop:"var(--spacing-xl)"}})},97497(e,t,r){"use strict";r.d(t,{A:()=>n});const n=(0,r(92858).v)("PageViewerContext",function(e){})},98372(e,t,r){"use strict";r.d(t,{p:()=>d,v:()=>p});var n=r(65723),o=r(81382),i=r(74271),a=r(65846),c=function(e){switch(e){case"small":return"32px";case"large":return"72px";default:return"48px"}},s=["petrol","rhubarb","teal","wheat"],l=/(\u00a9|\u00ae|[\u2000-\u3300]|\ud83c[\ud000-\udfff]|\ud83d[\ud000-\udfff]|\ud83e[\ud000-\udfff]|[0-9])/g,u=function(e,t,r){return 0===t||t===r.length-1},d=function(e){var t,r,o=(0,a.A)().css;return e.imageUrl?(0,n.jsx)("img",{src:e.imageUrl,alt:e.label,"data-testid":e["data-testid"],className:o((t={size:e.size},r=t.size,{minWidth:c(r),minHeight:c(r),width:c(r),height:c(r)}))},e.key):null},p=function(e){if(!e.label)return null;var t,r,a=e.label.replace(/[\u2019'`]/gi," ").replace(l,"").split(" ").filter(Boolean).filter(u).map(function(e){return e[0]}).join("").toUpperCase(),c=(t=e.label,r=t.split("").reduce(function(e,t){return e+t.charCodeAt(0)},0),s[r%s.length]||"neutral");return(0,n.jsx)(o.g,{color:c,size:e.size,"data-testid":e["data-testid"],children:e.initials||a||(0,n.jsx)(i.I,{})},e.key)}},98696(e,t,r){"use strict";r.d(t,{V2:()=>R,Ay:()=>L});var n=r(65723),o=r(22155),i=r(92858),a=r(43326),c=r(45726),s=r(67232),l=r(70316),u=r(5821),d=r.n(u),p=r(82206),f=r(73264),b=r(99649),y=r(47457),h=r(76031),v=r(47094);function g(e,t,r){return t in e?Object.defineProperty(e,t,{value:r,enumerable:!0,configurable:!0,writable:!0}):e[t]=r,e}var m=g({display:"flex",position:"fixed",right:0,top:b.B.BASE,left:0,zIndex:h.kq},h.v4,{top:"var(--spacing-2-xl)",bottom:"auto"});const O=v.A.create({wrapper:m,base:function(e){var t;return g(t={margin:"0 auto",display:"flex",alignItems:"center",position:"relative",width:"100%",backgroundColor:"var(--background-default)",borderRadius:"var(--border-radius-l)",padding:"1.25em",boxShadow:h.Wd,animationDuration:"300ms",animationFillMode:"forwards",animationName:e.isEntering||e.isExiting?y.C9:void 0,animationDirection:e.isExiting?"reverse":void 0},h.bP,{marginLeft:h.RR,marginRight:h.RR}),g(t,h.v4,{maxWidth:h.$o}),t},copyWrapper:{display:"flex",flexDirection:"column",marginBottom:0,paddingLeft:"1.25em"},copy:{fontSize:"var(--font-size-xs)",color:"var(--typography-light)",lineHeight:"var(--line-height-l)"}});var j=(0,p.A)(O.base,"div"),w=(0,f.A)(O.copyWrapper,"p"),P=(0,f.A)(O.copy,"span"),A=function(e){return(0,n.jsx)("div",{className:e.className,"data-testid":e["data-testid"],children:(0,n.jsxs)(j,{isExiting:e.status===c.x.exiting,isEntering:e.status===c.x.entering,children:[e.icon&&(0,n.jsx)(e.icon,{}),(0,n.jsxs)(w,{children:[(0,n.jsx)("strong",{children:e.title}),(0,n.jsx)(P,{children:e.copy})]})]})})};A.propTypes={copy:d().node,"data-testid":d().string,icon:d().elementType,title:d().node,status:d().string};const x=(0,p.A)(O.wrapper,A);function S(e,t){(null==t||t>e.length)&&(t=e.length);for(var r=0,n=new Array(t);r<t;r++)n[r]=e[r];return n}function k(e,t,r){return t in e?Object.defineProperty(e,t,{value:r,enumerable:!0,configurable:!0,writable:!0}):e[t]=r,e}function E(e){for(var t=1;t<arguments.length;t++){var r=null!=arguments[t]?arguments[t]:{},n=Object.keys(r);"function"==typeof Object.getOwnPropertySymbols&&(n=n.concat(Object.getOwnPropertySymbols(r).filter(function(e){return Object.getOwnPropertyDescriptor(r,e).enumerable}))),n.forEach(function(t){k(e,t,r[t])})}return e}function D(e,t){return t=null!=t?t:{},Object.getOwnPropertyDescriptors?Object.defineProperties(e,Object.getOwnPropertyDescriptors(t)):function(e,t){var r=Object.keys(e);if(Object.getOwnPropertySymbols){var n=Object.getOwnPropertySymbols(e);t&&(n=n.filter(function(t){return Object.getOwnPropertyDescriptor(e,t).enumerable})),r.push.apply(r,n)}return r}(Object(t)).forEach(function(r){Object.defineProperty(e,r,Object.getOwnPropertyDescriptor(t,r))}),e}function C(e,t){if(null==e)return{};var r,n,o,i={};if("undefined"!=typeof Reflect&&Reflect.ownKeys){for(r=Reflect.ownKeys(Object(e)),o=0;o<r.length;o++)n=r[o],t.indexOf(n)>=0||Object.prototype.propertyIsEnumerable.call(e,n)&&(i[n]=e[n]);return i}if(i=function(e,t){if(null==e)return{};var r,n,o={},i=Object.getOwnPropertyNames(e);for(n=0;n<i.length;n++)r=i[n],t.indexOf(r)>=0||Object.prototype.propertyIsEnumerable.call(e,r)&&(o[r]=e[r]);return o}(e,t),Object.getOwnPropertySymbols)for(r=Object.getOwnPropertySymbols(e),o=0;o<r.length;o++)n=r[o],t.indexOf(n)>=0||Object.prototype.propertyIsEnumerable.call(e,n)&&(i[n]=e[n]);return i}function T(e,t){return function(e){if(Array.isArray(e))return e}(e)||function(e,t){var r=null==e?null:"undefined"!=typeof Symbol&&e[Symbol.iterator]||e["@@iterator"];if(null!=r){var n,o,i=[],a=!0,c=!1;try{for(r=r.call(e);!(a=(n=r.next()).done)&&(i.push(n.value),!t||i.length!==t);a=!0);}catch(s){c=!0,o=s}finally{try{a||null==r.return||r.return()}finally{if(c)throw o}}return i}}(e,t)||function(e,t){if(!e)return;if("string"==typeof e)return S(e,t);var r=Object.prototype.toString.call(e).slice(8,-1);"Object"===r&&e.constructor&&(r=e.constructor.name);if("Map"===r||"Set"===r)return Array.from(r);if("Arguments"===r||/^(?:Ui|I)nt(?:8|16|32)(?:Clamped)?Array$/.test(r))return S(e,t)}(e,t)||function(){throw new TypeError("Invalid attempt to destructure non-iterable instance.\nIn order to be iterable, non-array objects must have a [Symbol.iterator]() method.")}()}var R=(0,i.v)("NotificationContext",{}),I="#notification-root",_={ALERT:{Component:a.A,durations:{FAST:4e3,MEDIUM:6e3,SLOW:1e4},getRootSelector:function(e){return"ERROR"===e.type?"#error-notification-root":I}},INFO_BANNER:{Component:x,durations:{FAST:5e3,MEDIUM:7e3,SLOW:12e3},getRootSelector:function(){return I}}},B=function(e){var t=e.notificationType,r=C(e,["notificationType"]),i=(0,s.o)().alertDuration,a=_[t],u=a.Component,d=a.getRootSelector,p=function(e){var t=T((0,o.useState)(!1),2),r=t[0],n=t[1],i=(0,o.useRef)(),a=(0,o.useCallback)(function(){n(!0),clearTimeout(i.current),i.current=setTimeout(function(){return n(!1)},e)},[]);return(0,o.useEffect)(function(){return function(){return clearTimeout(i.current)}},[]),{showNotification:a,isVisible:r}}(a.durations[i]),f=p.showNotification,b=p.isVisible;return(0,o.useEffect)(function(){return f()},[f]),l.createPortal((0,n.jsx)(c.A,{isVisible:b,duration:500,shouldUnmount:!0,children:function(e){return(0,n.jsx)(u,E({status:e},r))}}),document.querySelector(d(r)))},N=function(e,t){return{notification:t,key:e.key+1}};const L=function(e){var t=T((0,o.useReducer)(N,{notification:null,key:0}),2),r=t[0],i=r.notification,a=r.key,c=t[1],s=(0,o.useCallback)(function(e){return c(D(E({},e),{notificationType:"ALERT"}))},[]),l=(0,o.useCallback)(function(e){return c(D(E({},e),{notificationType:"INFO_BANNER"}))},[]);return(0,n.jsxs)(n.Fragment,{children:[(0,n.jsx)(R.Provider,{value:{dispatchAlert:s,dispatchInfoBanner:l},children:e.children}),Boolean(i)&&(0,o.createElement)(B,D(E({},i),{key:String(a)}))]})}},99225(e,t,r){"use strict";r.d(t,{_:()=>l});var n=r(65723),o=r(31050),i=r(65846);function a(e,t,r){return t in e?Object.defineProperty(e,t,{value:r,enumerable:!0,configurable:!0,writable:!0}):e[t]=r,e}function c(e,t){return t=null!=t?t:{},Object.getOwnPropertyDescriptors?Object.defineProperties(e,Object.getOwnPropertyDescriptors(t)):function(e,t){var r=Object.keys(e);if(Object.getOwnPropertySymbols){var n=Object.getOwnPropertySymbols(e);t&&(n=n.filter(function(t){return Object.getOwnPropertyDescriptor(e,t).enumerable})),r.push.apply(r,n)}return r}(Object(t)).forEach(function(r){Object.defineProperty(e,r,Object.getOwnPropertyDescriptor(t,r))}),e}var s=function(e){return c(function(e){for(var t=1;t<arguments.length;t++){var r=null!=arguments[t]?arguments[t]:{},n=Object.keys(r);"function"==typeof Object.getOwnPropertySymbols&&(n=n.concat(Object.getOwnPropertySymbols(r).filter(function(e){return Object.getOwnPropertyDescriptor(r,e).enumerable}))),n.forEach(function(t){a(e,t,r[t])})}return e}({},"fr"===e.language?{display:"inline-block"}:{}),{"::before":{content:"open-quote"},"::after":{content:"close-quote"}})},l=function(e){var t=e.children,r=e.dataTestId,a=(0,i.A)().css,c=(0,o.m)().locale;return(0,n.jsx)("span",{className:a(s({language:c})),"data-testid":r,children:t})}},99564(e,t,r){"use strict";r.r(t),r.d(t,{default:()=>I});var n=r(65723),o=r(93971),i=r(61179),a=r(82332),c=r(94282),s=r(2),l=r(65851),u=r(4641),d=r(81699),p=r(37679),f=r(84818),b=r(75994),y=r(62934),h=r(96616),v=r(12423),g=r(42302),m=r(84944),O=r(39528),j=r(19847),w=r(22155),P=r(65846),A=r(56345),x=r(68550),S=r.n(x),k={"> div > div:first-child":{backgroundColor:"var(--background-container-primary-default)"}};function E(e,t){(null==t||t>e.length)&&(t=e.length);for(var r=0,n=new Array(t);r<t;r++)n[r]=e[r];return n}function D(e,t){return function(e){if(Array.isArray(e))return e}(e)||function(e,t){var r=null==e?null:"undefined"!=typeof Symbol&&e[Symbol.iterator]||e["@@iterator"];if(null!=r){var n,o,i=[],a=!0,c=!1;try{for(r=r.call(e);!(a=(n=r.next()).done)&&(i.push(n.value),!t||i.length!==t);a=!0);}catch(s){c=!0,o=s}finally{try{a||null==r.return||r.return()}finally{if(c)throw o}}return i}}(e,t)||function(e,t){if(!e)return;if("string"==typeof e)return E(e,t);var r=Object.prototype.toString.call(e).slice(8,-1);"Object"===r&&e.constructor&&(r=e.constructor.name);if("Map"===r||"Set"===r)return Array.from(r);if("Arguments"===r||/^(?:Ui|I)nt(?:8|16|32)(?:Clamped)?Array$/.test(r))return E(e,t)}(e,t)||function(){throw new TypeError("Invalid attempt to destructure non-iterable instance.\nIn order to be iterable, non-array objects must have a [Symbol.iterator]() method.")}()}var C=function(e){var t=e.accountPurpose,r=e.successURL,a=e.failureURL,c=e.handleOnClickPrimaryCta,s=e.handleOnClickSecondaryCta,l=e.secondaryCtaUri,d=e.isAccountTypeSelectionStepEnabled,p=(0,j.A)(),f=(0,P.A)().css,b=D((0,w.useState)(""),2),y=b[0],h=b[1],x=(0,o.L)(t||i.Ro.BUSINESS).setAccountTypeSelection;(0,u.A)({step:"siret",purpose:t});var E=function(e){var t=e.currentTarget.value;h(t)};return(0,n.jsx)(O.A,{mutation:S(),successURL:r,failureURL:a,onSuccess:d&&x,children:function(e){var t=e.status,r=e.errors;return(0,n.jsxs)(A.A,{step:"siret",title:p("product.siret.title"),subtitle:p("product.siret.subtitle.v2"),secondaryCtaLabel:p("product.siret.cta.secondary"),isInputDisabled:!y,status:t,handleOnClickPrimaryCta:c,handleOnClickSecondaryCta:s,secondaryCtaUri:l,isAccountTypeStepEnabled:d,children:[(0,n.jsx)(v.B,{className:f(k),children:(0,n.jsx)(g.I,{label:p("product.siret.hint"),value:y,onChange:E,"aria-invalid":r.length>0,name:"siret","data-testid":"siret-input",type:"number",pattern:"[0-9]*","aria-describedby":"siret-number-input-errors",required:!0,children:(0,n.jsx)(g.I.Hint,{children:p("product.siret.footer")})})}),(0,n.jsx)(m.A,{errors:r,id:"siret-number-input-errors"})]})}})};function T(e,t,r){return t in e?Object.defineProperty(e,t,{value:r,enumerable:!0,configurable:!0,writable:!0}):e[t]=r,e}function R(e,t){return t=null!=t?t:{},Object.getOwnPropertyDescriptors?Object.defineProperties(e,Object.getOwnPropertyDescriptors(t)):function(e,t){var r=Object.keys(e);if(Object.getOwnPropertySymbols){var n=Object.getOwnPropertySymbols(e);t&&(n=n.filter(function(t){return Object.getOwnPropertyDescriptor(e,t).enumerable})),r.push.apply(r,n)}return r}(Object(t)).forEach(function(r){Object.defineProperty(e,r,Object.getOwnPropertyDescriptor(t,r))}),e}const I=function(){var e=(0,y.zy)(),t=e.search,r=e.pathname,v=(0,y.g)().accountPurpose,g=i.bw.selectAccount,m=(0,s.A)(),O=(0,l.A)().trackClickEvent,j=(0,f.A)(),w=(0,b.s)().signupStep,P=(0,p.M)(w);(0,u.A)({step:"siret",purpose:v});var A=function(e){O({step:"siret",extraLabelParams:{tier:"all",purpose:v,label:e}})},x=(0,a.M)((0,c.A)(P?i.bw.selectAccount:i.bw.selectBusiness),R(function(e){for(var t=1;t<arguments.length;t++){var r=null!=arguments[t]?arguments[t]:{},n=Object.keys(r);"function"==typeof Object.getOwnPropertySymbols&&(n=n.concat(Object.getOwnPropertySymbols(r).filter(function(e){return Object.getOwnPropertyDescriptor(r,e).enumerable}))),n.forEach(function(t){T(e,t,r[t])})}return e}({},j),{progress:m})),S=(0,d.c)({location:r,query:t}),k=P?"/":(0,a.M)(i.bw.selectPersonal,{progress:0}),E=(0,o.L)(i.Ro.PERSONAL).setAccountTypeSelection;return(0,n.jsx)(h.A,{backPathname:g,showSideBar:P,children:(0,n.jsx)(C,{accountPurpose:v,successURL:x,failureURL:S,handleOnClickPrimaryCta:function(){return A("continue")},handleOnClickSecondaryCta:function(){return function(){if(A("personal"),P)return E()}()},isAccountTypeSelectionStepEnabled:P,secondaryCtaUri:k})})}},99649(e,t,r){"use strict";r.d(t,{B:()=>n});var n={NONE:"0",TIGHTEST:"0.25rem",TIGHTER:"0.5rem",TIGHT:"0.75rem",BASE:"1rem",LOOSE:"1.5rem",LOOSER:"2rem",LOOSEST:"3rem"}},99713(e,t,r){"use strict";r.d(t,{C:()=>n,Z:()=>o});var n=function(e){return e.SIMPLE_CARD="SimpleCard",e.SECTION="Section",e.BODY_TEXT="BodyText",e.BUTTON_CARD="ButtonCard",e.CARD="Card",e.ASSET_INFO_CARD="AssetInfoCard",e.CAROUSEL="Carousel",e.HEADER="Header",e.ICON_CARD="IconCard",e.IMAGE_CARD="ImageCard",e.LINK_CARD="LinkCard",e.PROMO_CARD="PromoCard",e.EMOTIONAL_CARD="EmotionalCard",e.ACTIVE_ITEM_CARD="ActiveItemCard",e.ANIMATION_ASSET_CONTAINER_CARD="AnimationAssetContainerCard",e.EXPANDABLE_CARD="ExpandableCard",e.GRID="Grid",e.HEADLINE="Headline",e.SMALL_BODY="SmallBody",e.DETAIL_HIGHLIGHT="DetailHighlight",e.UNLOCK_MORE_CARD="UnlockMoreCard",e.UNSUPPORTED="Unsupported",e}({}),o={Capacitor:Object.values(n).map(function(e){return"Capacitor".concat(e)})}}},e=>{e.O(0,[5640,5725,6954],()=>{return t=51538,e(e.s=t);var t});e.O()}]);
[0m
[0m$ [0mcurl -sI --max-time 10 https://app.n26.com/api/internal 2>&1 | head -20
HTTP/2 404 
date: Thu, 03 Sep 2026 15:55:05 GMT
content-type: text/html
content-length: 43717
x-powered-by: Express
referrer-policy: strict-origin-when-cross-origin
cache-control: no-store
set-cookie: n26.csrf=s%3AaE8yYiqR9joZUseI0GBLBmSl.G0n4VqWN6Ihz9xnIFbhiHBAn1Idetm4i%2F5q%2BcskgJWw; Path=/; HttpOnly; Secure; SameSite=Strict
set-cookie: num26UniqueDeviceToken=3051ea5a-6004-4a8a-9d5a-b099b435ae43; Domain=.n26.com; Path=/; Expires=Wed, 03 Mar 2027 15:55:05 GMT; Secure; SameSite=Lax
set-cookie: n26.graphql_form_payload=s%3A.YD%2B8nMu6vmWiiynmJPDg2yCwom9sJHaHUx8PNdL3ehc; Path=/; Expires=Thu, 01 Jan 1970 00:00:00 GMT; HttpOnly; Secure; SameSite=Strict
x-ratelimit-limit: 60
x-ratelimit-remaining: 59
x-ratelimit-reset: 1788450966
content-security-policy: report-uri /report-csp;report-to /report-csp;base-uri 'self';child-src number26://* *.n26.com n26.com *.doubleclick.net api.sumsub.com *.youtube-nocookie.com youtube-nocookie.com *.lpsnmedia.net *.liveperson.net js.stripe.com https://widgets.marqeta.com;connect-src 'self' https://spc.n26.com https://flags.n26.com wss://authentication-service.eks.core-production.keyless.technology featureassets.org prodregistryv2.org wss://lo.msg.liveperson.net wss://*.liveperson.net *.liveperson.net *.lpsnmedia.net blob: s3.eu-central-1.amazonaws.com cdn.number26.de;font-src 'self' data:;img-src https://spc.n26.com https://flags.n26.com 'self' data: images.ctfassets.net images.contentful.com *.lpsnmedia.net *.liveperson.net *.objectstorage.liveperson.net *.stripe.com message-templates-assets.tech26.de cdn.number26.de;media-src videos.contentful.com videos.ctfassets.net *.lpsnmedia.net 'self' blob:;object-src 'none';style-src 'unsafe-inline' 'self' *.lpsnmedia.net *.liveperson.net;script-src 'self' cdn.number26.de 'unsafe-inline' *.youtube-nocookie.com s.ytimg.com youtube-nocookie.com youtube.com *.lpsnmedia.net *.liveperson.net 'nonce-42a1fbe64643fecdc26c329067f84ef5' 'strict-dynamic' js.stripe.com/v3 connect-js.stripe.com js.stripe.com;worker-src 'self';default-src * *.lpsnmedia.net;frame-ancestors 'self' *.n26.com;frame-src *.lpsnmedia.net *.liveperson.net connect-js.stripe.com js.stripe.com
feature-policy: accelerometer 'none';autoplay 'none';camera 'self';fullscreen 'none';geolocation 'self';gyroscope 'none';magnetometer 'none';microphone 'none';midi 'none';notifications 'self';payment 'self';push 'self';speaker 'none';sync-xhr 'none';usb 'none';vibrate 'none';vr 'none'
etag: W/"9-0gXL1ngzMqISxa6S1zx3F4wtLyg"
vary: Accept-Encoding
server: envoy
strict-transport-security: max-age=31536000; includeSubDomains; preload
x-content-type-options: nosniff
[0m
[0m$ [0mcurl -sI --max-time 10 https://app.n26.com/api/v2 2>&1 | head -20
HTTP/2 404 
date: Thu, 03 Sep 2026 15:55:05 GMT
content-type: text/html
content-length: 43717
x-powered-by: Express
referrer-policy: strict-origin-when-cross-origin
cache-control: no-store
set-cookie: n26.csrf=s%3A41cexw06o1IYLk2QbCmh6rIl.qo6be6bQaRDg32RmjIvbrte%2FT7bpnO0mp1XFv18YoIE; Path=/; HttpOnly; Secure; SameSite=Strict
set-cookie: num26UniqueDeviceToken=74ce7c48-70a2-4166-b05b-63cad708ed4c; Domain=.n26.com; Path=/; Expires=Wed, 03 Mar 2027 15:55:05 GMT; Secure; SameSite=Lax
set-cookie: n26.graphql_form_payload=s%3A.YD%2B8nMu6vmWiiynmJPDg2yCwom9sJHaHUx8PNdL3ehc; Path=/; Expires=Thu, 01 Jan 1970 00:00:00 GMT; HttpOnly; Secure; SameSite=Strict
x-ratelimit-limit: 60
x-ratelimit-remaining: 58
x-ratelimit-reset: 1788450966
content-security-policy: report-uri /report-csp;report-to /report-csp;base-uri 'self';child-src number26://* *.n26.com n26.com *.doubleclick.net api.sumsub.com *.youtube-nocookie.com youtube-nocookie.com *.lpsnmedia.net *.liveperson.net js.stripe.com https://widgets.marqeta.com;connect-src 'self' https://spc.n26.com https://flags.n26.com wss://authentication-service.eks.core-production.keyless.technology featureassets.org prodregistryv2.org wss://lo.msg.liveperson.net wss://*.liveperson.net *.liveperson.net *.lpsnmedia.net blob: s3.eu-central-1.amazonaws.com cdn.number26.de;font-src 'self' data:;img-src https://spc.n26.com https://flags.n26.com 'self' data: images.ctfassets.net images.contentful.com *.lpsnmedia.net *.liveperson.net *.objectstorage.liveperson.net *.stripe.com message-templates-assets.tech26.de cdn.number26.de;media-src videos.contentful.com videos.ctfassets.net *.lpsnmedia.net 'self' blob:;object-src 'none';style-src 'unsafe-inline' 'self' *.lpsnmedia.net *.liveperson.net;script-src 'self' cdn.number26.de 'unsafe-inline' *.youtube-nocookie.com s.ytimg.com youtube-nocookie.com youtube.com *.lpsnmedia.net *.liveperson.net 'nonce-b93c99fb695d2fb966bc8168d59188c5' 'strict-dynamic' js.stripe.com/v3 connect-js.stripe.com js.stripe.com;worker-src 'self';default-src * *.lpsnmedia.net;frame-ancestors 'self' *.n26.com;frame-src *.lpsnmedia.net *.liveperson.net connect-js.stripe.com js.stripe.com
feature-policy: accelerometer 'none';autoplay 'none';camera 'self';fullscreen 'none';geolocation 'self';gyroscope 'none';magnetometer 'none';microphone 'none';midi 'none';notifications 'self';payment 'self';push 'self';speaker 'none';sync-xhr 'none';usb 'none';vibrate 'none';vr 'none'
etag: W/"9-0gXL1ngzMqISxa6S1zx3F4wtLyg"
vary: Accept-Encoding
server: envoy
strict-transport-security: max-age=31536000; includeSubDomains; preload
x-content-type-options: nosniff
[0m
[0m$ [0mcurl -sI --max-time 10 https://app.n26.com/api/beta 2>&1 | head -20
HTTP/2 404 
date: Thu, 03 Sep 2026 15:55:05 GMT
content-type: text/html
content-length: 43717
x-powered-by: Express
referrer-policy: strict-origin-when-cross-origin
cache-control: no-store
set-cookie: n26.csrf=s%3A0QtwBCegoz6PoHtOurjIH15o.X1cJvMCy%2BmDDt9dBOUMQ%2FEQ1pM1a9cQtBHkbz%2FABckQ; Path=/; HttpOnly; Secure; SameSite=Strict
set-cookie: num26UniqueDeviceToken=0c3eb0e2-5fc3-4369-8fdd-b08972b6e619; Domain=.n26.com; Path=/; Expires=Wed, 03 Mar 2027 15:55:05 GMT; Secure; SameSite=Lax
set-cookie: n26.graphql_form_payload=s%3A.YD%2B8nMu6vmWiiynmJPDg2yCwom9sJHaHUx8PNdL3ehc; Path=/; Expires=Thu, 01 Jan 1970 00:00:00 GMT; HttpOnly; Secure; SameSite=Strict
x-ratelimit-limit: 60
x-ratelimit-remaining: 57
x-ratelimit-reset: 1788450966
content-security-policy: report-uri /report-csp;report-to /report-csp;base-uri 'self';child-src number26://* *.n26.com n26.com *.doubleclick.net api.sumsub.com *.youtube-nocookie.com youtube-nocookie.com *.lpsnmedia.net *.liveperson.net js.stripe.com https://widgets.marqeta.com;connect-src 'self' https://spc.n26.com https://flags.n26.com wss://authentication-service.eks.core-production.keyless.technology featureassets.org prodregistryv2.org wss://lo.msg.liveperson.net wss://*.liveperson.net *.liveperson.net *.lpsnmedia.net blob: s3.eu-central-1.amazonaws.com cdn.number26.de;font-src 'self' data:;img-src https://spc.n26.com https://flags.n26.com 'self' data: images.ctfassets.net images.contentful.com *.lpsnmedia.net *.liveperson.net *.objectstorage.liveperson.net *.stripe.com message-templates-assets.tech26.de cdn.number26.de;media-src videos.contentful.com videos.ctfassets.net *.lpsnmedia.net 'self' blob:;object-src 'none';style-src 'unsafe-inline' 'self' *.lpsnmedia.net *.liveperson.net;script-src 'self' cdn.number26.de 'unsafe-inline' *.youtube-nocookie.com s.ytimg.com youtube-nocookie.com youtube.com *.lpsnmedia.net *.liveperson.net 'nonce-d29d3d8d251f38ee57cc23c8e8012925' 'strict-dynamic' js.stripe.com/v3 connect-js.stripe.com js.stripe.com;worker-src 'self';default-src * *.lpsnmedia.net;frame-ancestors 'self' *.n26.com;frame-src *.lpsnmedia.net *.liveperson.net connect-js.stripe.com js.stripe.com
feature-policy: accelerometer 'none';autoplay 'none';camera 'self';fullscreen 'none';geolocation 'self';gyroscope 'none';magnetometer 'none';microphone 'none';midi 'none';notifications 'self';payment 'self';push 'self';speaker 'none';sync-xhr 'none';usb 'none';vibrate 'none';vr 'none'
etag: W/"9-0gXL1ngzMqISxa6S1zx3F4wtLyg"
vary: Accept-Encoding
server: envoy
strict-transport-security: max-age=31536000; includeSubDomains; preload
x-content-type-options: nosniff
[0m
[0m$ [0mcurl -sI --max-time 10 -H "Content-Type: application/json" -X POST https://app.n26.com/graphql -d '{"query":"{__schema{types{name}}}"}' 2>&1 | head -30
(no output)
[0m
[0m$ [0mcurl -s --max-time 10 -H "Content-Type: application/json" -X POST https://app.n26.com/graphql -d '{"query":"{__schema{types{name}}}"}' 2>&1 | head -50
<!doctype html>
  <html lang="en">
    <head>
      <meta charset='utf-8' />
      <meta http-equiv='X-UA-Compatible' content='IE=edge' />
      <meta name='viewport' content='width=device-width, initial-scale=1, viewport-fit=cover' />
      <link rel="icon" type="image/png" sizes="256x256" href="/build/favicon.ico">
      <link rel='preload' href='/build/fonts/GT-America-Standard-Regular.latin.woff2' as='font' type='font/woff2' crossorigin='anonymous' />
      <link rel='preload' href='/build/fonts/GT-America-Standard-Medium.latin.woff2' as='font' type='font/woff2' crossorigin='anonymous' />
      <title data-rh="true">403 forbidden — N26</title>
      <style>
      
@font-face {
  font-family: 'N26';
  font-style: normal;
  font-weight: 400;
  font-display: swap;
  src:
    url('/build/fonts/GT-America-Standard-Regular.latin.woff2') format('woff2');
  unicode-range: U+0000-00FF, U+0131, U+0152-0153, U+02BB-02BC, U+02C6, U+02DA, U+02DC, U+2000-206F, U+2074, U+20AC, U+2122, U+2191, U+2193, U+2212, U+2215, U+FEFF, U+FFFD;
}

      
@font-face {
  font-family: 'N26';
  font-style: normal;
  font-weight: 500;
  font-display: swap;
  src:
    url('/build/fonts/GT-America-Standard-Medium.latin.woff2') format('woff2');
  unicode-range: U+0000-00FF, U+0131, U+0152-0153, U+02BB-02BC, U+02C6, U+02DA, U+02DC, U+2000-206F, U+2074, U+20AC, U+2122, U+2191, U+2193, U+2212, U+2215, U+FEFF, U+FFFD;
}

      </style>
      
      
      
<style
  data-fela-id=""
  data-fela-rehydration='108'
  data-fela-type='STATIC'
  
  >
  :root {-webkit-font-smoothing: antialiased;-moz-osx-font-smoothing: grayscale;--duration: 1;--responsive-base: 1;--background-default: rgb(255, 255, 255); --background-alternate: rgb(249, 249, 249); --background-screen: rgb(249, 249, 249); --background-button-primary-active: rgb(72, 172, 152); --background-button-primary-pressed: rgb(72, 172, 152); --background-button-primary-disabled: rgb(232, 242, 238); --background-button-secondary: rgb(255, 255, 255); --background-container-teal: rgb(72, 172, 152); --background-container-rhubarb: rgb(203, 124, 122); --background-container-wheat: rgb(200, 157, 88); --background-container-petrol: rgb(43, 105, 122); --background-container-secondary-teal: rgb(204, 227, 218); --background-container-secondary-rhubarb: rgb(235, 214, 214); --background-container-secondary-wheat: rgb(235, 221, 204); --background-container-secondary-petrol: rgb(204, 220, 226); --background-container-light: rgb(242, 242, 242); --background-container-light-teal: rgb(232, 242, 238); --background-container-light-rhubarb: rgb(242, 228, 228); --background-container-light-wheat: rgb(242, 236, 225); --background-container-light-petrol: rgb(233, 238, 242); --background-container-lightest-petrol: rgb(233, 238, 242); --background-container-dark-teal: rgb(42, 126, 109); --background-container-dark-wheat: rgb(140, 108, 58); --background-container-dark-petrol: rgb(9, 61, 77); --background-container-dark-rhubarb: rgb(158, 89, 87); --background-container-alpha-teal: rgb(72, 172, 152, 0.5); --background-container-alpha-wheat: rgb(205, 163, 95, 0.5); --background-container-alpha-petrol: rgba(38, 102, 120, 0.5); --background-container-alpha-rhubarb: rgb(203, 124, 122, 0.5); --background-light-error-red: rgb(248, 237, 237); --background-info-card: rgb(233, 233, 233); --typography-primary-default: rgb(27, 27, 27); --typography-primary-inverted: rgb(255, 255, 255); --typography-primary-consistent: rgb(27, 27, 27); --typography-primary-inverted-consistent: rgb(255, 255, 255); --typography-secondary-default: rgb(105, 105, 105); --typography-secondary-consistent: rgb(105, 105, 105); --typography-disabled: rgb(171, 171, 171); --typography-interactive-primary-teal-consistent: rgb(54, 161, 139); --typography-interactive-primary-wheat-consistent: rgb(200, 157, 88); --typography-interactive-primary-petrol-default: rgb(43, 105, 122); --typography-interactive-primary-petrol-consistent: rgb(43, 105, 122); --typography-interactive-primary-rhubarb-default: rgb(179, 93, 91); --typography-interactive-primary-rhubarb-consistent: rgb(179, 93, 91); --typography-interactive-secondary-teal-default: rgb(31, 117, 96); --typography-interactive-secondary-teal-consistent: rgb(31, 117, 96); --typography-interactive-secondary-wheat-consistent: rgb(166, 121, 49); --typography-interactive-secondary-petrol-default: rgb(32, 91, 107); --typography-interactive-secondary-petrol-consistent: rgb(32, 91, 107); --typography-interactive-secondary-rhubarb-consistent: rgb(142, 70, 68); --typography-positive-amount: rgb(54, 161, 139); --border-primary-gray: rgb(233, 233, 233); --border-primary-teal: rgb(31, 117, 96); --border-primary-petrol: rgb(24, 81, 97); --border-primary-wheat: rgb(128, 91, 32); --border-primary-rhubarb: rgb(142, 70, 68); --border-secondary-gray: rgb(150, 150, 150); --border-secondary-teal: rgb(54, 161, 139); --border-secondary-petrol: rgb(43, 105, 122); --border-secondary-wheat: rgb(166, 121, 49); --border-secondary-rhubarb: rgb(179, 93, 91); --divider-default: rgb(233, 233, 233); --divider-default-consistent: rgb(233, 233, 233); --background-screen-default: rgb(255, 255, 255); --background-container-primary-default: rgb(255, 255, 255); --background-container-primary-teal: rgb(54, 161, 139); --background-container-primary-wheat: rgb(200, 157, 88); --background-container-primary-petrol: rgb(43, 105, 122); --background-container-primary-rhubarb: rgb(179, 93, 91); --background-container-primary-gray: rgb(150, 150, 150); --background-container-primary-hovered: rgb(249, 249, 249); --background-container-primary-pressed: rgb(242, 242, 242); --background-elevated-container-primary-default: rgb(255, 255, 255); --background-container-secondary-gray: rgb(233, 233, 233); --background-container-tertiary-teal: rgb(232, 242, 238); --background-container-tertiary-teal-pressed: rgb(204, 227, 218); --background-container-tertiary-wheat: rgb(242, 236, 225); --background-container-tertiary-wheat-pressed: rgb(235, 221, 204); --background-container-tertiary-petrol: rgb(233, 238, 242); --background-container-tertiary-petrol-pressed: rgb(204, 220, 226); --background-container-tertiary-rhubarb: rgb(242, 232, 232); --background-container-tertiary-rhubarb-pressed: rgb(235, 214, 214); --background-container-tertiary-gray: rgb(242, 242, 242); --background-container-tertiary-gray-pressed: rgb(233, 233, 233); --background-error: rgb(242, 232, 232); --background-positive-amount: rgb(232, 242, 238); --background-navigation-bottom: rgb(255, 255, 255); --background-button-primary-teal-default: rgb(54, 161, 139); --background-button-primary-teal-pressed: rgb(31, 117, 96); --background-button-primary-teal-disabled: rgb(130, 196, 178); --background-button-primary-teal-hover-and-focused: rgb(54, 161, 139); --background-button-primary-wheat-default: rgb(166, 121, 49); --background-button-primary-wheat-pressed: rgb(128, 91, 32); --background-button-primary-wheat-disabled: rgb(225, 197, 161); --background-button-primary-wheat-hover-and-focused: rgb(166, 121, 49); --background-button-primary-petrol-default: rgb(43, 105, 122); --background-button-primary-petrol-pressed: rgb(24, 81, 97); --background-button-primary-petrol-disabled: rgb(204, 220, 226); --background-button-primary-petrol-hover-and-focused: rgb(43, 105, 122); --background-button-primary-rhubarb-default: rgb(179, 93, 91); --background-button-primary-rhubarb-pressed: rgb(142, 70, 68); --background-button-primary-rhubarb-disabled: rgb(222, 172, 171); --background-button-primary-rhubarb-hover-and-focused: rgb(179, 93, 91); --background-button-secondary-default: rgb(255, 255, 255); --background-button-secondary-pressed: rgb(242, 242, 242); --background-button-tertiary-teal-pressed: rgb(232, 242, 238); --background-button-tertiary-wheat-pressed: rgb(242, 236, 225); --background-button-tertiary-petrol-pressed: rgb(233, 238, 242); --background-button-tertiary-rhubarb-pressed: rgb(242, 232, 232); --background-button-tertiary-hover-and-focused: rgb(255, 255, 255); --overlay-default: rgb(27, 27, 27); --overlay-default-consistent: rgb(27, 27, 27); --shadow-default: rgba(0, 0, 0, 0.2); --phone-frame-foreground: rgb(233, 233, 233); --phone-frame-background: rgb(249, 249, 249); --iconography-primary-default: rgb(27, 27, 27); --iconography-primary-consistent: rgb(27, 27, 27); --iconography-primary-default-inverted: rgb(255, 255, 255); --iconography-primary-inverted-consistent: rgb(255, 255, 255); --iconography-secondary-default: rgb(105, 105, 105); --iconography-disabled: rgb(171, 171, 171); --iconography-interactive-primary-teal-consistent: rgb(54, 161, 139); --iconography-interactive-primary-teal-disabled: rgb(130, 196, 178); --iconography-interactive-primary-petrol-default: rgb(43, 105, 122); --iconography-interactive-primary-petrol-consistent: rgb(43, 105, 122); --iconography-interactive-primary-petrol-disabled: rgb(121, 161, 173); --iconography-interactive-primary-rhubarb-default: rgb(179, 93, 91); --iconography-interactive-primary-rhubarb-consistent: rgb(179, 93, 91); --iconography-interactive-primary-rhubarb-disabled: rgb(222, 172, 171); --iconography-interactive-secondary-teal-default: rgb(31, 117, 96); --iconography-interactive-secondary-teal-consistent: rgb(31, 117, 96); --iconography-interactive-secondary-petrol-default: rgb(32, 91, 107); --iconography-interactive-secondary-petrol-consistent: rgb(32, 91, 107); --progress-background: rgb(204, 227, 218); --progress-foreground: rgb(54, 161, 139); --shimmer-loader-background: rgb(242, 242, 242); --shimmer-loader-foreground: rgb(249, 249, 249); --bright-overlay: rgb(255, 255, 255, 0.75); --mild-overlay: rgba(0, 0, 0, 0.075); --distinct-overlay: rgba(0, 0, 0, 0.2); --primary-focus: rgba(54, 161, 139, 0.6); --typography-default: rgb(18, 18, 18); --typography-default-inverted: rgb(255, 255, 255); --typography-default-consistent: rgb(18, 18, 18); --typography-default-inverted-consistent: rgb(255, 255, 255); --typography-interactive-rhubarb: rgb(203, 124, 122); --typography-interactive-default: rgb(72, 172, 152); --typography-interactive-teal: rgb(72, 172, 152); --typography-extra-light: rgb(191, 191, 191); --typography-light: rgb(116, 116, 116); --typography-error: rgb(180, 75, 70); --divider-teal: rgb(72, 172, 152); --divider-error: rgb(180, 75, 70); --divider-dark: rgb(116, 116, 116); --iconography-default: rgb(18, 18, 18); --iconography-default-inverted: rgb(255, 255, 255); --iconography-light: rgb(116, 116, 116); --iconography-bright: rgb(233, 233, 233); --iconography-action: rgb(72, 172, 152); --iconography-rhubarb: rgb(179, 93, 91); --shimmer-background: rgb(233, 233, 233); --shimmer-foreground: rgb(249, 249, 249); --deprecated-gray: rgb(201, 201, 201); /* 1 */--spacing-5-xl: 4.4em; --spacing-4-xl: 3.85em; --spacing-3-xl: 3.3em; --spacing-2-xl: 2.75em; --spacing-xl: 2.2em; --spacing-l: 1.65em; --spacing-m: 1.1em; --spacing-s: 0.88em; --spacing-xs: 0.825em; --spacing-2-xs: 0.55em; --spacing-3-xs: 0.275em; --spacing-4-xs: 0.22em; --spacing-5-xs: 0.165em; --spacing-6-xs: 0.11em;--font-size-6-xl: 2.8rem; --font-size-5-xl: 2.2rem; --font-size-4-xl: 2rem; --font-size-3-xl: 1.8rem; --font-size-2-xl: 1.5rem; --font-size-xl: 1.3rem; --font-size-l: 1.2rem; --font-size-m: 1.1rem; --font-size-s: 1rem; --font-size-xs: 0.9rem; --font-size-2-xs: 0.85rem; --font-size-3-xs: 0.8rem; --font-size-4-xs: 0.7rem; --font-size-5-xs: 0.6rem;--line-height-5-xl: 1.8; --line-height-4-xl: 1.7; --line-height-3-xl: 1.6; --line-height-2-xl: 1.5; --line-height-xl: 1.45; --line-height-l: 1.4; --line-height-m: 1.2; --line-height-s: 1.1; --line-height-xs: 1;--width-7-xl: 88ch; --width-6-xl: 77ch; --width-5-xl: 71.5ch; --width-4-xl: 66ch; --width-3-xl: 49.5ch; --width-2-xl: 48.4ch; --width-xl: 44ch; --width-l: 41.8ch; --width-m: 33ch; --width-s: 27.5ch; --width-xs: 22ch; --width-2-xs: 15.4ch; --width-3-xs: 13.2ch; --width-4-xs: 11ch; --width-5-xs: 8.8ch; --width-6-xs: 5.5ch; --width-7-xs: 3.3ch; --width-8-xs: 1.1ch; --width-9-xs: 0.825ch; --width-10-xs: 0.55ch; --width-11-xs: 0.33ch; --width-12-xs: 0.11ch;--border-radius-5-xl: 34px; --border-radius-4-xl: 27px; --border-radius-3-xl: 22px; --border-radius-2-xl: 14px; --border-radius-xl: 10px; --border-radius-l: 8px; --border-radius-m: 6px; --border-radius-s: 5px; --border-radius-xs: 4px; --border-radius-2-xs: 2px; --border-radius-credit-card: 3% 5%; --border-radius-half: 50%; --border-radius-circle: 100vw;scroll-behavior: smooth; /* 2 */}@media (max-width: 767px) {:root {--responsive-base: 0.8;touch-action: manipulation;}}@media (prefers-reduced-motion: reduce) {:root { --duration: 0; scroll-behavior: auto }}*, ::before, ::after{box-sizing:inherit}duet-date-picker{width:100%}.duet-date__day[aria-pressed=true], .duet-date__day:focus{background-color:var(--background-container-primary-teal);color:var(--typography-primary-inverted-consistent);border-top-left-radius:0;border-top-right-radius:0;border-bottom-right-radius:0;border-bottom-left-radius:0}.duet-date__dialog{z-index:1}@media (max-width: 767px) {.duet-date__dialog-content {min-height: 28rem}}.duet-date__dialog-content{background-color:var(--background-screen-default)}.duet-date__cell > .is-month:not(.is-outside){border-top-width:1px;border-right-width:1px;border-bottom-width:1px;border-left-width:1px;border-top-style:solid;border-right-style:solid;border-bottom-style:solid;border-left-style:solid;border-top-color:var(--divider-default);border-right-color:var(--divider-default);border-bottom-color:var(--divider-default);border-left-color:var(--divider-default);border-top-left-radius:0;border-top-right-radius:0;border-bottom-right-radius:0;border-bottom-left-radius:0}.duet-date__cell .is-outside, .duet-date__day:not(.is-month){color:var(--typography-disabled)}html{background-color:var(--background-alternate);box-sizing:border-box;font-weight:400;min-height:100%;-ms-text-size-adjust:100%;-webkit-text-size-adjust:100%}html, body, [id="root"]{display:-webkit-box;display:-moz-box;display:-ms-flexbox;display:-webkit-flex;display:flex;flex-direction:column;-webkit-box-orient:vertical;-webkit-box-direction:normal;flex-grow:1;flex-shrink:1;flex-basis:auto}body{font-family:N26, sans-serif;font-size:112.5%;line-height:1.4;color:var(--typography-default);overflow-x:hidden;text-underline-position:under;margin-top:0;margin-right:0;margin-bottom:0;margin-left:0}img{display:block;height:auto;max-width:100%;border-top-style:none;border-right-style:none;border-bottom-style:none;border-left-style:none}main{display:block}[hidden]{display:none}a{background-color:transparent;-webkit-text-decoration-skip:objects}svg:not(:root){overflow:hidden}hr{overflow:visible}button, input, select, textarea{font:inherit;margin-top:0;margin-right:0;margin-bottom:0;margin-left:0}button, input{overflow:visible}button, select{text-transform:none}button, html [type="button"], [type="reset"], [type="submit"]{-webkit-appearance:button}button::-moz-focus-inner,[type="button"]::-moz-focus-inner,[type="reset"]::-moz-focus-inner,[type="submit"]::-moz-focus-inner{border-top-style:none;border-right-style:none;border-bottom-style:none;border-left-style:none;padding-top:0;padding-right:0;padding-bottom:0;padding-left:0}button:-moz-focusring,[type="button"]:-moz-focusring,[type="reset"]:-moz-focusring,[type="submit"]:-moz-focusring{outline-width:1px;outline-style:dotted;outline-color:ButtonText}fieldset{border-top-width:1px;border-right-width:1px;border-bottom-width:1px;border-left-width:1px;border-top-style:solid;border-right-style:solid;border-bottom-style:solid;border-left-style:solid;border-top-color:rgb(192, 192, 192);border-right-color:rgb(192, 192, 192);border-bottom-color:rgb(192, 192, 192);border-left-color:rgb(192, 192, 192);margin-top:0;margin-right:2px;margin-bottom:0;margin-left:2px;padding-top:0.35em;padding-right:0.625em;padding-bottom:var(--spacing-xs);padding-left:0.625em}legend{box-sizing:border-box;display:table;max-width:100%;white-space:normal;color:inherit;padding-top:0;padding-right:0;padding-bottom:0;padding-left:0}textarea{overflow:auto}[type="checkbox"], [type="radio"]{padding-top:0;padding-right:0;padding-bottom:0;padding-left:0}[type="number"]::-webkit-inner-spin-button,[type="number"]::-webkit-outer-spin-button{height:auto}[type="search"]{-webkit-appearance:textfield;outline-offset:-2px}[type="search"]::-webkit-search-cancel-button,[type="search"]::-webkit-search-decoration{-webkit-appearance:none}::-webkit-input-placeholder{color:inherit;opacity:0.54}::-webkit-file-upload-button{-webkit-appearance:button;font:inherit}:-webkit-autofill,:-webkit-autofill:hover,:-webkit-autofill:focus,:-webkit-autofill:active{transition:background-color 1000000ms, color 1000000ms;-webkit-transition:background-color 1000000ms, color 1000000ms;-moz-transition:background-color 1000000ms, color 1000000ms}:required:-moz-ui-invalid{box-shadow:none}.visually-hidden{border-top-width:0 !important;border-right-width:0 !important;border-bottom-width:0 !important;border-left-width:0 !important;clip:rect(1px, 1px, 1px, 1px) !important;height:1px !important;overflow:hidden !important;padding-top:0 !important;padding-right:0 !important;padding-bottom:0 !important;padding-left:0 !important;position:absolute !important;white-space:nowrap !important;width:1px !important}strong, b{font-weight:500}audio, canvas, iframe, img, svg, video{vertical-align:middle}p{margin-top:0;margin-bottom:var(--spacing-m)}
</style>


<style
  data-fela-id=""
[0m
[0m$ [0mcurl -sI --max-time 10 https://api.n26.com/api 2>&1 | head -20
(no output)
[0m
[0m$ [0mcurl -sI --max-time 10 https://api.n26.com/v2 2>&1 | head -20
(no output)
[0m
[0m$ [0mcurl -sI --max-time 10 https://api.n26.com/graphql 2>&1 | head -20
(no output)
[0m
===== ANALYST nemotron3 2026-09-03 18:56:04 UTC =====
[0m
> build · nemotron-3-ultra-free
[0m
[0m$ [0mdate -u +"%Y-%m-%d %H:%M:%S UTC"
2026-09-03 18:53:11 UTC
[0m
[0m→ [0mRead inventory/n26.md
[0m✱ [0mGlob "**/scope.yml"[90m 1 match[0m
[0m→ [0mRead scope.yml
**STEP 1 — DELTA**
NO_DELTA — Inventory last updated 2026-09-03 15:57:16 UTC matches knowledge base timestamp. No new passive discoveries since last hypotheses generation (2026-09-03 15:57:08 UTC). Current surface: 7 confirmed assets (app.n26.com, my.n26.com, n26.com, support.n26.com, www.n26.com, spc.n26.com, flags.n26.com) + 2 external deps (cdn.number26.de, authentication-service.eks.core-production.keyless.technology).

**STEP 2 — PRIORITIZE**
[PRIO] app.n26.com/graphql,8.5,attack_surface=10,business_value=9,tech_exposure=10,gate_ease=3,cloud_surface=8,freshness=10
[PRIO] flags.n26.com,7.8,attack_surface=8,business_value=7,tech_exposure=9,gate_ease=4,cloud_surface=9,freshness=10
[PRIO] spc.n26.com,7.2,attack_surface=7,business_value=8,tech_exposure=6,gate_ease=6,cloud_surface=7,freshness=10
[PRIO] authentication-service.eks.core-production.keyless.technology,6.5,attack_surface=6,business_value=9,tech_exposure=8,gate_ease=2,cloud_surface=10,freshness=8
[PRIO] support.n26.com,5.8,attack_surface=6,business_value=6,tech_exposure=7,gate_ease=5,cloud_surface=5,freshness=8
[PRIO] cdn.number26.de,4.2,attack_surface=5,business_value=4,tech_exposure=5,gate_ease=7,cloud_surface=6,freshness=8
[PRIO] app.n26.com (CSP deps),3.8,attack_surface=4,business_value=5,tech_exposure=4,gate_ease=8,cloud_surface=4,freshness=8
[PRIO] my.n26.com,2.1,attack_surface=3,business_value=5,tech_exposure=2,gate_ease=4,cloud_surface=3,freshness=5
[PRIO] n26.com/www.n26.com,1.5,attack_surface=2,business_value=4,tech_exposure=1,gate_ease=9,cloud_surface=2,freshness=5

**STEP 3 — HYPOTHESES**

[HYP] GraphQL WAF bypass via GET query param smuggling
class: AUTH
asset: app.n26.com/graphql
confidence: 70
reasoning: POST /graphql and /api/graphql return 403 (WAF block); GET with query param returned HTTP 000 (connection reset) suggesting different code path; cookie-based auth confirmed (n26.csrf, num26UniqueDeviceToken, n26.graphql_form_payload)
evidence_needed: GraphQL introspection response via GET bypassing WAF; successful mutation execution
verify_steps: GET https://app.n26.com/graphql?query={__typename} (no auth); GET https://app.n26.com/graphql?query={__schema{types{name}}} with valid cookies; test POST with Content-Type: application/json vs x-www-form-urlencoded
impact: Full GraphQL schema exposure → mutation enumeration → IDOR/BOLA on banking operations → critical
testability: AUTH_HELPED

[HYP] Statsig SDK key extraction from app.n26.com JS bundle → flags.n26.com RBAC bypass
class: MISCONFIG
asset: flags.n26.com
confidence: 75
reasoning: flags.n26.com is Statsig behind CloudFront+GKE; /v1/initialize returns 403/401 (RBAC); CSP connect-src on app.n26.com includes flags.n26.com; client-side SDK keys typically embedded in JS bundles for feature flag evaluation
evidence_needed: Valid client SDK key from app.n26.com JS bundle; successful /v1/initialize call with extracted key
verify_steps: GET https://app.n26.com/build/js/client.*.js (extract SDK key pattern); GET https://flags.n26.com/v1/initialize?client_key=<extracted>; test feature flag evaluation endpoint
impact: Feature flag manipulation → bypass payment limits/KYC/premium features → high
testability: PASSIVE

[HYP] Payment service API enumeration on spc.n26.com → BOLA/IDOR on financial operations
class: IDOR
asset: spc.n26.com
confidence: 60
reasoning: Live payment service (Envoy proxy); /health returns 200; /api returns 404 (no Swagger); discovered via CSP connect-src on app.n26.com; Marqeta card issuing in CSP suggests card transaction APIs; payment services high-value for IDOR/BOLA
evidence_needed: API endpoint list (brute /api/v1, /api/v2, /internal, /private); authenticated request showing user-scoped data access
verify_steps: GET https://spc.n26.com/health; GET https://spc.n26.com/api; GET https://spc.n26.com/api/v1; GET https://spc.n26.com/internal; GET https://spc.n26.com/private; test with app.n26.com cookies
impact: Cross-user transaction access, card manipulation, balance tampering → critical
testability: AUTH_HELPED

**STEP 4 — SELF-CRITIQUE**
[PARKED] GraphQL WAF bypass via GET query param smuggling: confidence 70 but HTTP 000 on GET suggests connection reset not WAF bypass; needs confirmation GET actually reaches GraphQL engine
[PARKED] Statsig SDK key extraction from app.n26.com JS bundle → flags.n26.com RBAC bypass: confidence 75 but SDK key may be server-side only (Statsig supports both); client key may not grant /v1/initialize access
[FINAL] Payment service API enumeration on spc.n26.com → BOLA/IDOR on financial operations: confidence 60, highest business_value (payment), concrete verify_steps, no REJECTED-class overlap

**STEP 5 — NEXT ACTION**
[NEXT] PROBE: GET https://spc.n26.com/api/v1 (enumerate payment API versioned endpoints) with Referer: https://app.n26.com and app.n26.com cookies

**STEP 6 — LEARNING**
[LEARN] ACCEPTED AUTH @ app.n26.com: GraphQL confirmed via cookie + 403 responses (not 404). WAF actively blocks POST. Bypass exploration warranted.
[LEARN] ACCEPTED MISCONFIG @ flags.n26.com: Statsig instance with RBAC, behind CloudFront+GKE. Client-side SDK key extraction from app bundle is viable path.
[LEARN] REJECTED MISCONFIG @ my.n26.com: Server-side 301 redirect, not dangling DNS. No subdomain takeover vector.
[LEARN] ACCEPTED MISCONFIG @ spc.n26.com: Live payment service with /health endpoint. API enumeration needed.

**STEP 7 — RISK**
[RISK] N26 Bank AG: 78 — Active payment service (spc.n26.com) with unauthenticated /health, GraphQL WAF with cookie auth, Statsig feature flags controlling banking features; all three high-value targets with confirmed attack surface.
===== ANALYST nemotron3 2026-09-03 21:34:05 UTC =====
[0m
> build · nemotron-3-ultra-free
[0m
STEP 1 — DELTA
NO_DELTA

STEP 2 — PRIORITIZE
[PRIO] app.n26.com/graphql,8.5,attack_surface=10,business_value=9,tech_exposure=10,gate_ease=3,cloud_surface=8,freshness=10
[PRIO] flags.n26.com,7.8,attack_surface=8,business_value=7,tech_exposure=9,gate_ease=4,cloud_surface=9,freshness=10
[PRIO] spc.n26.com,7.2,attack_surface=7,business_value=8,tech_exposure=6,gate_ease=6,cloud_surface=7,freshness=10
[PRIO] authentication-service.eks.core-production.keyless.technology,6.5,attack_surface=6,business_value=9,tech_exposure=8,gate_ease=2,cloud_surface=10,freshness=8
[PRIO] support.n26.com,5.8,attack_surface=6,business_value=6,tech_exposure=7,gate_ease=5,cloud_surface=5,freshness=8
[PRIO] cdn.number26.de,4.2,attack_surface=5,business_value=4,tech_exposure=5,gate_ease=7,cloud_surface=6,freshness=8
[PRIO] app.n26.com (CSP deps),3.8,attack_surface=4,business_value=5,tech_exposure=4,gate_ease=8,cloud_surface=4,freshness=8
[PRIO] my.n26.com,2.1,attack_surface=3,business_value=5,tech_exposure=2,gate_ease=4,cloud_surface=3,freshness=5
[PRIO] n26.com/www.n26.com,1.5,attack_surface=2,business_value=4,tech_exposure=1,gate_ease=9,cloud_surface=2,freshness=5

STEP 3 — HYPOTHESES
[HYP] GraphQL introspection via GET query param bypassing WAF
class: AUTH
asset: app.n26.com/graphql
confidence: 65
reasoning: POST /graphql and /api/graphql return 403 (WAF block); GET with query param returned HTTP 000 (connection reset) suggesting different code path; cookie-based auth confirmed (n26.csrf, num26UniqueDeviceToken, n26.graphql_form_payload)
evidence_needed: GraphQL introspection response via GET bypassing WAF; successful mutation execution
verify_steps: GET https://app.n26.com/graphql?query={__typename} (no auth); GET https://app.n26.com/graphql?query={__schema{types{name}}} with valid cookies; test POST with Content-Type: application/json vs x-www-form-urlencoded
impact: Full GraphQL schema exposure → mutation enumeration → IDOR/BOLA on banking operations → critical
testability: AUTH_HELPED

[HYP] Statsig client SDK key extraction from app.n26.com JS bundle → flags.n26.com RBAC bypass
class: MISCONFIG
asset: flags.n26.com
confidence: 70
reasoning: flags.n26.com is Statsig behind CloudFront+GKE; /v1/initialize returns 403/401 (RBAC); CSP connect-src on app.n26.com includes flags.n26.com; client-side SDK keys typically embedded in JS bundles for feature flag evaluation
evidence_needed: Valid client SDK key from app.n26.com JS bundle; successful /v1/initialize call with extracted key
verify_steps: GET https://app.n26.com/build/js/client.*.js (extract SDK key pattern); GET https://flags.n26.com/v1/initialize?client_key=<extracted>; test feature flag evaluation endpoint
impact: Feature flag manipulation → bypass payment limits/KYC/premium features → high
testability: PASSIVE

[HYP] Payment service API enumeration on spc.n26.com → BOLA/IDOR on financial operations
class: IDOR
asset: spc.n26.com
confidence: 60
reasoning: Live payment service (Envoy proxy); /health returns 200; /api returns 404 (no Swagger); discovered via CSP connect-src on app.n26.com; Marqeta card issuing in CSP suggests card transaction APIs; payment services high-value for IDOR/BOLA
evidence_needed: API endpoint list (brute /api/v1, /api/v2, /internal, /private); authenticated request showing user-scoped data access
verify_steps: GET https://spc.n26.com/health; GET https://spc.n26.com/api; GET https://spc.n26.com/api/v1; GET https://spc.n26.com/internal; GET https://spc.n26.com/private; test with app.n26.com cookies
impact: Cross-user transaction access, card manipulation, balance tampering → critical
testability: AUTH_HELPED

STEP 4 — SELF-CRITIQUE
[PARKED] GraphQL introspection via GET query param bypassing WAF: confidence 65 but HTTP 000 on GET suggests connection reset not WAF bypass; needs confirmation GET actually reaches GraphQL engine
[PARKED] Statsig client SDK key extraction from app.n26.com JS bundle → flags.n26.com RBAC bypass: confidence 70 but SDK key may be server-side only (Statsig supports both); client key may not grant /v1/initialize access
[FINAL] Payment service API enumeration on spc.n26.com → BOLA/IDOR on financial operations: confidence 60, highest business_value (payment), concrete verify_steps, no REJECTED-class overlap

STEP 5 — NEXT ACTION
[NEXT] PROBE: GET https://spc.n26.com/api/v1 (enumerate payment API versioned endpoints) with Referer: https://app.n26.com and app.n26.com cookies

STEP 6 — LEARNING
[LEARN] ACCEPTED AUTH @ app.n26.com: GraphQL confirmed via cookie + 403 responses (not 404). WAF actively blocks POST. Bypass exploration warranted.
[LEARN] ACCEPTED MISCONFIG @ flags.n26.com: Statsig instance with RBAC, behind CloudFront+GKE. Client-side SDK key extraction from app bundle is viable path.
[LEARN] REJECTED MISCONFIG @ my.n26.com: Server-side 301 redirect, not dangling DNS. No subdomain takeover vector.
[LEARN] ACCEPTED MISCONFIG @ spc.n26.com: Live payment service with /health endpoint. API enumeration needed.

STEP 7 — RISK
[RISK] N26 Bank AG: 78 — Active payment service (spc.n26.com) with unauthenticated /health, GraphQL WAF with cookie auth, Statsig feature flags controlling banking features; all three high-value targets with confirmed attack surface.
